"key","siteUrl","Find Logo","Url"
"1forge.com-0.0.1","1forge.com","","https://logo.clearbit.com/1forge.com"
"1password.com-events-1.2.0","1password.com","","https://logo.clearbit.com/1password.com"
"1password.local-connect-1.5.7","1password.local",,
"6-dot-authentiqio.appspot.com-6","6-dot-authentiqio.appspot.com","","https://logo.clearbit.com/6-dot-authentiqio.appspot.com"
"ably.io-platform-1.1.0","ably.io","","https://logo.clearbit.com/ably.io"
"ably.net-control-1.0.14","ably.net","","https://logo.clearbit.com/ably.net"
"ably.net-control-v1","ably.net","","https://logo.clearbit.com/ably.net"
"abstractapi.com-geolocation-1.0.0","abstractapi.com","","https://logo.clearbit.com/abstractapi.com"
"adafruit.com-2.0.0","adafruit.com","","https://logo.clearbit.com/adafruit.com"
"adobe.com-aem-3.7.1-pre.0","adobe.com","","https://logo.clearbit.com/adobe.com"
"adyen.com-AccountService-3","adyen.com","","https://logo.clearbit.com/adyen.com"
"adyen.com-AccountService-4","adyen.com","","https://logo.clearbit.com/adyen.com"
"adyen.com-AccountService-5","adyen.com","","https://logo.clearbit.com/adyen.com"
"adyen.com-AccountService-6","adyen.com","","https://logo.clearbit.com/adyen.com"
"adyen.com-BalanceControlService-1","adyen.com","","https://logo.clearbit.com/adyen.com"
"adyen.com-BalancePlatformService-1","adyen.com","","https://logo.clearbit.com/adyen.com"
"adyen.com-BalancePlatformService-2","adyen.com","","https://logo.clearbit.com/adyen.com"
"adyen.com-BinLookupService-40","adyen.com","","https://logo.clearbit.com/adyen.com"
"adyen.com-BinLookupService-50","adyen.com","","https://logo.clearbit.com/adyen.com"
"adyen.com-BinLookupService-52","adyen.com","","https://logo.clearbit.com/adyen.com"
"adyen.com-BinLookupService-53","adyen.com","","https://logo.clearbit.com/adyen.com"
"adyen.com-BinLookupService-54","adyen.com","","https://logo.clearbit.com/adyen.com"
"adyen.com-CheckoutService-37","adyen.com","","https://logo.clearbit.com/adyen.com"
"adyen.com-CheckoutService-40","adyen.com","","https://logo.clearbit.com/adyen.com"
"adyen.com-CheckoutService-41","adyen.com","","https://logo.clearbit.com/adyen.com"
"adyen.com-CheckoutService-46","adyen.com","","https://logo.clearbit.com/adyen.com"
"adyen.com-CheckoutService-49","adyen.com","","https://logo.clearbit.com/adyen.com"
"adyen.com-CheckoutService-50","adyen.com","","https://logo.clearbit.com/adyen.com"
"adyen.com-CheckoutService-51","adyen.com","","https://logo.clearbit.com/adyen.com"
"adyen.com-CheckoutService-52","adyen.com","","https://logo.clearbit.com/adyen.com"
"adyen.com-CheckoutService-53","adyen.com","","https://logo.clearbit.com/adyen.com"
"adyen.com-CheckoutService-64","adyen.com","","https://logo.clearbit.com/adyen.com"
"adyen.com-CheckoutService-65","adyen.com","","https://logo.clearbit.com/adyen.com"
"adyen.com-CheckoutService-66","adyen.com","","https://logo.clearbit.com/adyen.com"
"adyen.com-CheckoutService-67","adyen.com","","https://logo.clearbit.com/adyen.com"
"adyen.com-CheckoutService-68","adyen.com","","https://logo.clearbit.com/adyen.com"
"adyen.com-CheckoutService-69","adyen.com","","https://logo.clearbit.com/adyen.com"
"adyen.com-CheckoutService-70","adyen.com","","https://logo.clearbit.com/adyen.com"
"adyen.com-CheckoutService-v71-71","adyen.com","","https://logo.clearbit.com/adyen.com"
"adyen.com-CheckoutUtilityService-1","adyen.com","","https://logo.clearbit.com/adyen.com"
"adyen.com-DataProtectionService-1","adyen.com","","https://logo.clearbit.com/adyen.com"
"adyen.com-DisputeService-v30-30","adyen.com","","https://logo.clearbit.com/adyen.com"
"adyen.com-FundService-3","adyen.com","","https://logo.clearbit.com/adyen.com"
"adyen.com-FundService-5","adyen.com","","https://logo.clearbit.com/adyen.com"
"adyen.com-FundService-6","adyen.com","","https://logo.clearbit.com/adyen.com"
"adyen.com-GrantService-v3-3","adyen.com","","https://logo.clearbit.com/adyen.com"
"adyen.com-HopService-1","adyen.com","","https://logo.clearbit.com/adyen.com"
"adyen.com-HopService-5","adyen.com","","https://logo.clearbit.com/adyen.com"
"adyen.com-HopService-6","adyen.com","","https://logo.clearbit.com/adyen.com"
"adyen.com-LegalEntityService-1","adyen.com","","https://logo.clearbit.com/adyen.com"
"adyen.com-LegalEntityService-2","adyen.com","","https://logo.clearbit.com/adyen.com"
"adyen.com-LegalEntityService-3","adyen.com","","https://logo.clearbit.com/adyen.com"
"adyen.com-ManagementService-1","adyen.com","","https://logo.clearbit.com/adyen.com"
"adyen.com-ManagementService-v3-3","adyen.com","","https://logo.clearbit.com/adyen.com"
"adyen.com-NotificationConfigurationService-1","adyen.com","","https://logo.clearbit.com/adyen.com"
"adyen.com-NotificationConfigurationService-2","adyen.com","","https://logo.clearbit.com/adyen.com"
"adyen.com-NotificationConfigurationService-3","adyen.com","","https://logo.clearbit.com/adyen.com"
"adyen.com-NotificationConfigurationService-4","adyen.com","","https://logo.clearbit.com/adyen.com"
"adyen.com-NotificationConfigurationService-5","adyen.com","","https://logo.clearbit.com/adyen.com"
"adyen.com-NotificationConfigurationService-6","adyen.com","","https://logo.clearbit.com/adyen.com"
"adyen.com-PaymentService-25","adyen.com","","https://logo.clearbit.com/adyen.com"
"adyen.com-PaymentService-30","adyen.com","","https://logo.clearbit.com/adyen.com"
"adyen.com-PaymentService-40","adyen.com","","https://logo.clearbit.com/adyen.com"
"adyen.com-PaymentService-46","adyen.com","","https://logo.clearbit.com/adyen.com"
"adyen.com-PaymentService-49","adyen.com","","https://logo.clearbit.com/adyen.com"
"adyen.com-PaymentService-50","adyen.com","","https://logo.clearbit.com/adyen.com"
"adyen.com-PaymentService-51","adyen.com","","https://logo.clearbit.com/adyen.com"
"adyen.com-PaymentService-52","adyen.com","","https://logo.clearbit.com/adyen.com"
"adyen.com-PaymentService-64","adyen.com","","https://logo.clearbit.com/adyen.com"
"adyen.com-PaymentService-67","adyen.com","","https://logo.clearbit.com/adyen.com"
"adyen.com-PaymentService-68","adyen.com","","https://logo.clearbit.com/adyen.com"
"adyen.com-PayoutService-30","adyen.com","","https://logo.clearbit.com/adyen.com"
"adyen.com-PayoutService-40","adyen.com","","https://logo.clearbit.com/adyen.com"
"adyen.com-PayoutService-46","adyen.com","","https://logo.clearbit.com/adyen.com"
"adyen.com-PayoutService-49","adyen.com","","https://logo.clearbit.com/adyen.com"
"adyen.com-PayoutService-50","adyen.com","","https://logo.clearbit.com/adyen.com"
"adyen.com-PayoutService-51","adyen.com","","https://logo.clearbit.com/adyen.com"
"adyen.com-PayoutService-52","adyen.com","","https://logo.clearbit.com/adyen.com"
"adyen.com-PayoutService-64","adyen.com","","https://logo.clearbit.com/adyen.com"
"adyen.com-PayoutService-67","adyen.com","","https://logo.clearbit.com/adyen.com"
"adyen.com-PayoutService-68","adyen.com","","https://logo.clearbit.com/adyen.com"
"adyen.com-RecurringService-18","adyen.com","","https://logo.clearbit.com/adyen.com"
"adyen.com-RecurringService-25","adyen.com","","https://logo.clearbit.com/adyen.com"
"adyen.com-RecurringService-30","adyen.com","","https://logo.clearbit.com/adyen.com"
"adyen.com-RecurringService-40","adyen.com","","https://logo.clearbit.com/adyen.com"
"adyen.com-RecurringService-49","adyen.com","","https://logo.clearbit.com/adyen.com"
"adyen.com-RecurringService-67","adyen.com","","https://logo.clearbit.com/adyen.com"
"adyen.com-RecurringService-68","adyen.com","","https://logo.clearbit.com/adyen.com"
"adyen.com-StoredValueService-46","adyen.com","","https://logo.clearbit.com/adyen.com"
"adyen.com-TerminalAPI-v1-1","adyen.com","","https://logo.clearbit.com/adyen.com"
"adyen.com-TestCardService-1","adyen.com","","https://logo.clearbit.com/adyen.com"
"adyen.com-TfmAPIService-1","adyen.com","","https://logo.clearbit.com/adyen.com"
"adyen.com-TransferService-1","adyen.com","","https://logo.clearbit.com/adyen.com"
"adyen.com-TransferService-2","adyen.com","","https://logo.clearbit.com/adyen.com"
"adyen.com-TransferService-3","adyen.com","","https://logo.clearbit.com/adyen.com"
"adyen.com-TransferService-v4-4","adyen.com","","https://logo.clearbit.com/adyen.com"
"afterbanks.com-3.0.0","afterbanks.com","","https://logo.clearbit.com/afterbanks.com"
"agco-ats.com-v1","agco-ats.com","","https://logo.clearbit.com/agco-ats.com"
"aiception.com-1.0.0","aiception.com","","https://logo.clearbit.com/aiception.com"
"airbyte.local-config-1.0.0","airbyte.local",,
"airport-web.appspot.com-v1","airport-web.appspot.com","","https://logo.clearbit.com/airport-web.appspot.com"
"akeneo.com-1.0.0","akeneo.com","","https://logo.clearbit.com/akeneo.com"
"alertersystem.com-1.7.0","alertersystem.com","","https://logo.clearbit.com/alertersystem.com"
"amadeus.com-2.2.0","amadeus.com","","https://logo.clearbit.com/amadeus.com"
"amadeus.com-amadeus-airline-code-lookup-1.1.1","amadeus.com","","https://logo.clearbit.com/amadeus.com"
"amadeus.com-amadeus-airport-city-search-1.2.3","amadeus.com","","https://logo.clearbit.com/amadeus.com"
"amadeus.com-amadeus-airport-nearest-relevant-1.1.2","amadeus.com","","https://logo.clearbit.com/amadeus.com"
"amadeus.com-amadeus-airport-on-time-performance-1.0.4","amadeus.com","","https://logo.clearbit.com/amadeus.com"
"amadeus.com-amadeus-branded-fares-upsell-1.0.1","amadeus.com","","https://logo.clearbit.com/amadeus.com"
"amadeus.com-amadeus-flight-availabilities-search-1.0.2","amadeus.com","","https://logo.clearbit.com/amadeus.com"
"amadeus.com-amadeus-flight-busiest-traveling-period-1.0.2","amadeus.com","","https://logo.clearbit.com/amadeus.com"
"amadeus.com-amadeus-flight-cheapest-date-search-1.0.6","amadeus.com","","https://logo.clearbit.com/amadeus.com"
"amadeus.com-amadeus-flight-check-in-links-2.1.2","amadeus.com","","https://logo.clearbit.com/amadeus.com"
"amadeus.com-amadeus-flight-choice-prediction-2.0.2","amadeus.com","","https://logo.clearbit.com/amadeus.com"
"amadeus.com-amadeus-flight-create-orders-1.9.0","amadeus.com","","https://logo.clearbit.com/amadeus.com"
"amadeus.com-amadeus-flight-delay-prediction-1.0.6","amadeus.com","","https://logo.clearbit.com/amadeus.com"
"amadeus.com-amadeus-flight-inspiration-search-1.0.6","amadeus.com","","https://logo.clearbit.com/amadeus.com"
"amadeus.com-amadeus-flight-most-booked-destinations-1.1.1","amadeus.com","","https://logo.clearbit.com/amadeus.com"
"amadeus.com-amadeus-flight-most-traveled-destinations-1.1.1","amadeus.com","","https://logo.clearbit.com/amadeus.com"
"amadeus.com-amadeus-flight-offers-price-1.2.2","amadeus.com","","https://logo.clearbit.com/amadeus.com"
"amadeus.com-amadeus-flight-order-management-1.9.0","amadeus.com","","https://logo.clearbit.com/amadeus.com"
"amadeus.com-amadeus-flight-price-analysis-1.0.1","amadeus.com","","https://logo.clearbit.com/amadeus.com"
"amadeus.com-amadeus-hotel-booking-1.1.3","amadeus.com","","https://logo.clearbit.com/amadeus.com"
"amadeus.com-amadeus-hotel-name-autocomplete-1.0.3","amadeus.com","","https://logo.clearbit.com/amadeus.com"
"amadeus.com-amadeus-hotel-ratings-1.0.2","amadeus.com","","https://logo.clearbit.com/amadeus.com"
"amadeus.com-amadeus-hotel-search-3.0.8","amadeus.com","","https://logo.clearbit.com/amadeus.com"
"amadeus.com-amadeus-location-score-1.0.2","amadeus.com","","https://logo.clearbit.com/amadeus.com"
"amadeus.com-amadeus-on-demand-flight-status-2.0.2","amadeus.com","","https://logo.clearbit.com/amadeus.com"
"amadeus.com-amadeus-points-of-interest-1.1.1","amadeus.com","","https://logo.clearbit.com/amadeus.com"
"amadeus.com-amadeus-safe-place-1.0.0","amadeus.com","","https://logo.clearbit.com/amadeus.com"
"amadeus.com-amadeus-seatmap-display-1.9.2","amadeus.com","","https://logo.clearbit.com/amadeus.com"
"amadeus.com-amadeus-tours-and-activities-1.0.2","amadeus.com","","https://logo.clearbit.com/amadeus.com"
"amadeus.com-amadeus-travel-recommendations-1.0.3","amadeus.com","","https://logo.clearbit.com/amadeus.com"
"amadeus.com-amadeus-trip-parser-3.0.1","amadeus.com","","https://logo.clearbit.com/amadeus.com"
"amadeus.com-amadeus-trip-purpose-prediction-1.1.4","amadeus.com","","https://logo.clearbit.com/amadeus.com"
"amentum.space-atmosphere-1.1.1","amentum.space","","https://logo.clearbit.com/amentum.space"
"amentum.space-aviation_radiation-1.5.0","amentum.space","","https://logo.clearbit.com/amentum.space"
"amentum.space-global-magnet-1.3.0","amentum.space","","https://logo.clearbit.com/amentum.space"
"amentum.space-gravity-1.1.1","amentum.space","","https://logo.clearbit.com/amentum.space"
"amentum.space-space_radiation-1.1.2","amentum.space","","https://logo.clearbit.com/amentum.space"
"anchore.io-0.1.20","anchore.io","","https://logo.clearbit.com/anchore.io"
"apache.org-airflow-2.5.3","apache.org","","https://logo.clearbit.com/apache.org"
"apache.org-qakka-v1","apache.org","","https://logo.clearbit.com/apache.org"
"apacta.com-0.0.42","apacta.com","","https://logo.clearbit.com/apacta.com"
"api.gov.uk-vehicle-enquiry-1.1.0","api.gov.uk","","https://logo.clearbit.com/api.gov.uk"
"api.video-1","api.video","","https://logo.clearbit.com/api.video"
"api2cart.com-1.1","api2cart.com","","https://logo.clearbit.com/api2cart.com"
"api2pdf.com-1.0.0","api2pdf.com","","https://logo.clearbit.com/api2pdf.com"
"apicurio.local-registry-1.3.2.Final","apicurio.local",,
"apicurio.local-registry-2.4.x","apicurio.local",,
"apidapp.com-2019-02-14T16:47:01.000Z","apidapp.com","","https://logo.clearbit.com/apidapp.com"
"apideck.com-accounting-10.0.0","apideck.com","","https://logo.clearbit.com/apideck.com"
"apideck.com-ats-10.0.0","apideck.com","","https://logo.clearbit.com/apideck.com"
"apideck.com-connector-10.0.0","apideck.com","","https://logo.clearbit.com/apideck.com"
"apideck.com-crm-10.0.0","apideck.com","","https://logo.clearbit.com/apideck.com"
"apideck.com-customer-support-9.5.0","apideck.com","","https://logo.clearbit.com/apideck.com"
"apideck.com-ecommerce-10.0.0","apideck.com","","https://logo.clearbit.com/apideck.com"
"apideck.com-ecosystem-0.0.6","apideck.com","","https://logo.clearbit.com/apideck.com"
"apideck.com-file-storage-10.0.0","apideck.com","","https://logo.clearbit.com/apideck.com"
"apideck.com-hris-10.0.0","apideck.com","","https://logo.clearbit.com/apideck.com"
"apideck.com-issue-tracking-10.0.0","apideck.com","","https://logo.clearbit.com/apideck.com"
"apideck.com-lead-10.0.0","apideck.com","","https://logo.clearbit.com/apideck.com"
"apideck.com-pos-10.0.0","apideck.com","","https://logo.clearbit.com/apideck.com"
"apideck.com-proxy-10.0.0","apideck.com","","https://logo.clearbit.com/apideck.com"
"apideck.com-sms-10.0.0","apideck.com","","https://logo.clearbit.com/apideck.com"
"apideck.com-vault-10.0.0","apideck.com","","https://logo.clearbit.com/apideck.com"
"apideck.com-webhook-10.0.0","apideck.com","","https://logo.clearbit.com/apideck.com"
"apigee.local-registry-0.0.1","apigee.local",,
"apigee.net-marketcheck-cars-2.01","apigee.net","","https://logo.clearbit.com/apigee.net"
"apimatic.io-1.0","apimatic.io","","https://logo.clearbit.com/apimatic.io"
"apis.guru-2.2.0","apis.guru","","https://logo.clearbit.com/apis.guru"
"apispot.io-whois-2.0","apispot.io","","https://logo.clearbit.com/apispot.io"
"apiz.ebay.com-commerce-identity-v1.1.0","apiz.ebay.com","","https://logo.clearbit.com/ebay.com"
"apiz.ebay.com-sell-finances-v1.15.0","apiz.ebay.com","","https://logo.clearbit.com/ebay.com"
"appcenter.ms-v0.1","appcenter.ms","","https://logo.clearbit.com/appcenter.ms"
"apple.com-app-store-connect-1.4.1","apple.com","","https://logo.clearbit.com/apple.com"
"apple.com-sirikit-cloud-media-1.0.2","apple.com","","https://logo.clearbit.com/apple.com"
"apptigent.com-2021.1.01","apptigent.com","","https://logo.clearbit.com/apptigent.com"
"appveyor.com-1.0.0","appveyor.com","","https://logo.clearbit.com/appveyor.com"
"appwrite.io-client-0.9.3","appwrite.io","","https://logo.clearbit.com/appwrite.io"
"appwrite.io-server-0.9.3","appwrite.io","","https://logo.clearbit.com/appwrite.io"
"archive.org-search-1.0.0","archive.org","","https://logo.clearbit.com/archive.org"
"archive.org-wayback-1.0.0","archive.org","","https://logo.clearbit.com/archive.org"
"arespass.net-1.0","arespass.net","","https://logo.clearbit.com/arespass.net"
"art19.com-1.0.0","art19.com","","https://logo.clearbit.com/art19.com"
"asana.com-1.0","asana.com","","https://logo.clearbit.com/asana.com"
"asuarez.dev-searchly-1.0","asuarez.dev","","https://logo.clearbit.com/asuarez.dev"
"atlassian.com-jira-1001.0.0-SNAPSHOT","atlassian.com","","https://logo.clearbit.com/atlassian.com"
"ato.gov.au-0.0.6","ato.gov.au","","https://logo.clearbit.com/ato.gov.au"
"aucklandmuseum.com-2.0.0","aucklandmuseum.com","","https://logo.clearbit.com/aucklandmuseum.com"
"authentiq.io-1.0","authentiq.io","","https://logo.clearbit.com/authentiq.io"
"autotask.net-v1","autotask.net","","https://logo.clearbit.com/autotask.net"
"avaza.com-v1","avaza.com","","https://logo.clearbit.com/avaza.com"
"aviationdata.systems-v1","aviationdata.systems","","https://logo.clearbit.com/aviationdata.systems"
"axesso.de-1.0.0","axesso.de","","https://logo.clearbit.com/axesso.de"
"balldontlie.io-1.0.0","balldontlie.io","","https://logo.clearbit.com/balldontlie.io"
"bandsintown.com-3.0.0","bandsintown.com","","https://logo.clearbit.com/bandsintown.com"
"bbc.co.uk-1.0.0","bbc.co.uk","","https://logo.clearbit.com/bbc.co.uk"
"bbc.com-1.0.0","bbc.com","","https://logo.clearbit.com/bbc.com"
"bbci.co.uk-1.0","bbci.co.uk","","https://logo.clearbit.com/bbci.co.uk"
"bclaws.ca-bclaws-1.0.0","bclaws.ca","","https://logo.clearbit.com/bclaws.ca"
"beanstream.com-1.0.1","beanstream.com","","https://logo.clearbit.com/beanstream.com"
"beezup.com-2.0","beezup.com","","https://logo.clearbit.com/beezup.com"
"betfair.com-1.0.1423","betfair.com","","https://logo.clearbit.com/betfair.com"
"bethmardutho.org-1.0.0","bethmardutho.org","","https://logo.clearbit.com/bethmardutho.org"
"biapi.pro-2.0","biapi.pro","","https://logo.clearbit.com/biapi.pro"
"bigdatacloud.net-1.0.0","bigdatacloud.net","","https://logo.clearbit.com/bigdatacloud.net"
"bigoven.com-partner","bigoven.com","","https://logo.clearbit.com/bigoven.com"
"bigredcloud.com-v1","bigredcloud.com","","https://logo.clearbit.com/bigredcloud.com"
"bikewise.org-v2","bikewise.org","","https://logo.clearbit.com/bikewise.org"
"billbee.io-v1","billbee.io","","https://logo.clearbit.com/billbee.io"
"billingo.hu-3.0.7","billingo.hu","","https://logo.clearbit.com/billingo.hu"
"bintable.com-1.0.0-oas3","bintable.com","","https://logo.clearbit.com/bintable.com"
"bitbucket.org-2.0","bitbucket.org","","https://logo.clearbit.com/bitbucket.org"
"biztoc.com-v1","biztoc.com","","https://logo.clearbit.com/biztoc.com"
"bkk.hu-1.0.1","bkk.hu","","https://logo.clearbit.com/bkk.hu"
"blazemeter.com-4","blazemeter.com","","https://logo.clearbit.com/blazemeter.com"
"bluemix.net-containers-3.0.0","bluemix.net","","https://logo.clearbit.com/bluemix.net"
"botify.com-1.0.0","botify.com","","https://logo.clearbit.com/botify.com"
"botschaft.local-0.1.0","botschaft.local",,
"box.com-2.0.0","box.com","","https://logo.clearbit.com/box.com"
"brainbi.net-1.0.0","brainbi.net","","https://logo.clearbit.com/brainbi.net"
"brandlovers.com-1.0.0","brandlovers.com","","https://logo.clearbit.com/brandlovers.com"
"braze.com-1.0.0","braze.com","","https://logo.clearbit.com/braze.com"
"breadcrumbs.one-v1","breadcrumbs.one","","https://logo.clearbit.com/breadcrumbs.one"
"brex.io-2021.12","brex.io","","https://logo.clearbit.com/brex.io"
"bridgedb.org-0.9.0","bridgedb.org","","https://logo.clearbit.com/bridgedb.org"
"britbox.co.uk-3.730.300-ref-1-39-0","britbox.co.uk","","https://logo.clearbit.com/britbox.co.uk"
"browshot.com-1.17.0","browshot.com","","https://logo.clearbit.com/browshot.com"
"bufferapp.com-1","bufferapp.com","","https://logo.clearbit.com/bufferapp.com"
"bulksms.com-1.0.0","bulksms.com","","https://logo.clearbit.com/bulksms.com"
"bunq.com-1.0","bunq.com","","https://logo.clearbit.com/bunq.com"
"byautomata.io-1.0.1","byautomata.io","","https://logo.clearbit.com/byautomata.io"
"c19qrserver.local-1.1","c19qrserver.local",,
"callcontrol.com-2015-11-01T00:00:00.000Z","callcontrol.com","","https://logo.clearbit.com/callcontrol.com"
"callfire.com-V2","callfire.com","","https://logo.clearbit.com/callfire.com"
"calorieninjas.com-1.0.0","calorieninjas.com","","https://logo.clearbit.com/calorieninjas.com"
"cambase.io-1.0","cambase.io","","https://logo.clearbit.com/cambase.io"
"canada-holidays.ca-1.8.0","canada-holidays.ca","","https://logo.clearbit.com/canada-holidays.ca"
"carbondoomsday.com-v1","carbondoomsday.com","","https://logo.clearbit.com/carbondoomsday.com"
"carbone.io-1.2.0","carbone.io","","https://logo.clearbit.com/carbone.io"
"cdcgov.local-prime-data-hub-0.2.0-oas3","cdcgov.local",,
"cenit.io-v1","cenit.io","","https://logo.clearbit.com/cenit.io"
"chain49.com-2.0","chain49.com","","https://logo.clearbit.com/chain49.com"
"chaingateway.io-1.0.0","chaingateway.io","","https://logo.clearbit.com/chaingateway.io"
"chaingateway.io-1.0","chaingateway.io","","https://logo.clearbit.com/chaingateway.io"
"change.local-v1","change.local",,
"channel4.com-1.0.0","channel4.com","","https://logo.clearbit.com/channel4.com"
"chompthis.com-1.0.0-oas3","chompthis.com","","https://logo.clearbit.com/chompthis.com"
"circl.lu-hashlookup-1.2","circl.lu","","https://logo.clearbit.com/circl.lu"
"circleci.com-v1","circleci.com","","https://logo.clearbit.com/circleci.com"
"circuitsandbox.net-2.9.235","circuitsandbox.net","","https://logo.clearbit.com/circuitsandbox.net"
"cisco.com-0.0.3","cisco.com","","https://logo.clearbit.com/cisco.com"
"citrixonline.com-gotomeeting-1.0.0","citrixonline.com","","https://logo.clearbit.com/citrixonline.com"
"citrixonline.com-scim-N-A","citrixonline.com","","https://logo.clearbit.com/citrixonline.com"
"citycontext.com-1.0.0","citycontext.com","","https://logo.clearbit.com/citycontext.com"
"clarify.io-1.3.7","clarify.io","","https://logo.clearbit.com/clarify.io"
"clearblade.com-3.0","clearblade.com","","https://logo.clearbit.com/clearblade.com"
"clever-cloud.com-1.0.0","clever-cloud.com","","https://logo.clearbit.com/clever-cloud.com"
"clever.com-1.2.0","clever.com","","https://logo.clearbit.com/clever.com"
"clickmeter.com-v2","clickmeter.com","","https://logo.clearbit.com/clickmeter.com"
"clicksend.com-1.0.0","clicksend.com","","https://logo.clearbit.com/clicksend.com"
"clickup.com-1.0.0","clickup.com","","https://logo.clearbit.com/clickup.com"
"climate.com-4.0.11","climate.com","","https://logo.clearbit.com/climate.com"
"climatekuul.com-1.0","climatekuul.com","","https://logo.clearbit.com/climatekuul.com"
"cloud-elements.com-ecwid-api-v2","cloud-elements.com","","https://logo.clearbit.com/cloud-elements.com"
"cloudmersive.com-ocr-v1","cloudmersive.com","","https://logo.clearbit.com/cloudmersive.com"
"cloudrf.com-2.0.0","cloudrf.com","","https://logo.clearbit.com/cloudrf.com"
"clubhouseapi.com-1","clubhouseapi.com","","https://logo.clearbit.com/clubhouseapi.com"
"cnab-online.herokuapp.com-1.0.0","cnab-online.herokuapp.com","","https://logo.clearbit.com/cnab-online.herokuapp.com"
"code-scan.com-1.0.0","code-scan.com","","https://logo.clearbit.com/code-scan.com"
"codesearch.debian.net-1.4.0","codesearch.debian.net","","https://logo.clearbit.com/codesearch.debian.net"
"collegefootballdata.com-4.4.12","collegefootballdata.com","","https://logo.clearbit.com/collegefootballdata.com"
"color.pizza-1.0.0","color.pizza","","https://logo.clearbit.com/color.pizza"
"combell.com-v2","combell.com","","https://logo.clearbit.com/combell.com"
"configcat.com-v1","configcat.com","","https://logo.clearbit.com/configcat.com"
"conjur.local-5.3.0","conjur.local",,
"consumerfinance.gov-1.0","consumerfinance.gov","","https://logo.clearbit.com/consumerfinance.gov"
"contentgroove.com-1.0.0","contentgroove.com","","https://logo.clearbit.com/contentgroove.com"
"contract-p.fit-1.0","contract-p.fit","","https://logo.clearbit.com/contract-p.fit"
"contribly.com-1.0.0","contribly.com","","https://logo.clearbit.com/contribly.com"
"core.ac.uk-2.0","core.ac.uk","","https://logo.clearbit.com/core.ac.uk"
"corrently.io-2.0.0","corrently.io","","https://logo.clearbit.com/corrently.io"
"cowin.gov.cin-cowincert-1.0.0","cowin.gov.cin",,
"cpy.re-peertube-5.1.0","cpy.re","","https://logo.clearbit.com/cpy.re"
"crossbrowsertesting.com-3.0.0","crossbrowsertesting.com","","https://logo.clearbit.com/crossbrowsertesting.com"
"crucible.local-1.0.0","crucible.local",,
"currencytick.com-1.0.0","currencytick.com","","https://logo.clearbit.com/currencytick.com"
"cybertaxonomy.eu-1.0","cybertaxonomy.eu","","https://logo.clearbit.com/cybertaxonomy.eu"
"cycat.org-0.9","cycat.org","","https://logo.clearbit.com/cycat.org"
"d7networks.com-1.0.2","d7networks.com","","https://logo.clearbit.com/d7networks.com"
"daniweb.com-4","daniweb.com","","https://logo.clearbit.com/daniweb.com"
"data.gov-3.0","data.gov","","https://logo.clearbit.com/data.gov"
"data2crm.com-1","data2crm.com","","https://logo.clearbit.com/data2crm.com"
"dataatwork.org-1.0","dataatwork.org","","https://logo.clearbit.com/dataatwork.org"
"dataflowkit.com-1.3","dataflowkit.com","","https://logo.clearbit.com/dataflowkit.com"
"datasette.local-v1","datasette.local",,
"datumbox.com-1.0","datumbox.com","","https://logo.clearbit.com/datumbox.com"
"deeparteffects.com-2017-02-10T16:24:46.000Z","deeparteffects.com","","https://logo.clearbit.com/deeparteffects.com"
"departureboard.io-2.0","departureboard.io","","https://logo.clearbit.com/departureboard.io"
"deutschebahn.com-betriebsstellen-v1","deutschebahn.com","","https://logo.clearbit.com/deutschebahn.com"
"deutschebahn.com-fahrplan-v1","deutschebahn.com","","https://logo.clearbit.com/deutschebahn.com"
"deutschebahn.com-fasta-2.1","deutschebahn.com","","https://logo.clearbit.com/deutschebahn.com"
"deutschebahn.com-flinkster-v1","deutschebahn.com","","https://logo.clearbit.com/deutschebahn.com"
"deutschebahn.com-reisezentren-v1","deutschebahn.com","","https://logo.clearbit.com/deutschebahn.com"
"deutschebahn.com-stada-2.2.01","deutschebahn.com","","https://logo.clearbit.com/deutschebahn.com"
"dev.to-1.0.0","dev.to","","https://logo.clearbit.com/dev.to"
"dev.to-chatgpt-v1","dev.to","","https://logo.clearbit.com/dev.to"
"digitallinguistics.io-0.3.1","digitallinguistics.io","","https://logo.clearbit.com/digitallinguistics.io"
"digitallocker.gov.in-authpartner-1.0.0","digitallocker.gov.in","","https://logo.clearbit.com/digitallocker.gov.in"
"digitalnz.org-3","digitalnz.org","","https://logo.clearbit.com/digitalnz.org"
"digitalocean.com-2.0","digitalocean.com","","https://logo.clearbit.com/digitalocean.com"
"discourse.local-latest","discourse.local",,
"dnd5eapi.co-0.1","dnd5eapi.co","","https://logo.clearbit.com/dnd5eapi.co"
"docker.com-dvp-1.0.0","docker.com","","https://logo.clearbit.com/docker.com"
"docker.com-engine-1.33","docker.com","","https://logo.clearbit.com/docker.com"
"docker.com-hub-beta","docker.com","","https://logo.clearbit.com/docker.com"
"docusign.net-v2.1","docusign.net","","https://logo.clearbit.com/docusign.net"
"dodo.ac-1.6.0","dodo.ac","","https://logo.clearbit.com/dodo.ac"
"domainsdb.info-1.0","domainsdb.info","","https://logo.clearbit.com/domainsdb.info"
"doqs.dev-1.0","doqs.dev","","https://logo.clearbit.com/doqs.dev"
"dracoon.team-4.42.3","dracoon.team","","https://logo.clearbit.com/dracoon.team"
"drchrono.com-v4 (Hunt Valley)","drchrono.com","","https://logo.clearbit.com/drchrono.com"
"dropx.io-1.0.0","dropx.io","","https://logo.clearbit.com/dropx.io"
"dweet.io-2.0","dweet.io","","https://logo.clearbit.com/dweet.io"
"e-conomic.com-v20.0.0","e-conomic.com","","https://logo.clearbit.com/e-conomic.com"
"ean-search.org-1.50.0","ean-search.org","","https://logo.clearbit.com/ean-search.org"
"easypdfserver.com-1","easypdfserver.com","","https://logo.clearbit.com/easypdfserver.com"
"ebay.com-buy-browse-v1.1.0","ebay.com","","https://logo.clearbit.com/ebay.com"
"ebay.com-buy-deal-v1.3.0","ebay.com","","https://logo.clearbit.com/ebay.com"
"ebay.com-buy-feed-v1_beta.34.0","ebay.com","","https://logo.clearbit.com/ebay.com"
"ebay.com-buy-marketing-v1_beta.2.0","ebay.com","","https://logo.clearbit.com/ebay.com"
"ebay.com-commerce-catalog-v1_beta.5.0","ebay.com","","https://logo.clearbit.com/ebay.com"
"ebay.com-commerce-charity-v1.2.1","ebay.com","","https://logo.clearbit.com/ebay.com"
"ebay.com-commerce-taxonomy-v1.0.0","ebay.com","","https://logo.clearbit.com/ebay.com"
"ebay.com-commerce-translation-1","ebay.com","","https://logo.clearbit.com/ebay.com"
"ebay.com-developer-analytics-v1_beta.0.0","ebay.com","","https://logo.clearbit.com/ebay.com"
"ebay.com-sell-account-v1.9.0","ebay.com","","https://logo.clearbit.com/ebay.com"
"ebay.com-sell-analytics-1.2.0","ebay.com","","https://logo.clearbit.com/ebay.com"
"ebay.com-sell-compliance-1.4.1","ebay.com","","https://logo.clearbit.com/ebay.com"
"ebay.com-sell-feed-v1.3.1","ebay.com","","https://logo.clearbit.com/ebay.com"
"ebay.com-sell-fulfillment-v1.20.0","ebay.com","","https://logo.clearbit.com/ebay.com"
"ebay.com-sell-listing-v1_beta.3.0","ebay.com","","https://logo.clearbit.com/ebay.com"
"ebay.com-sell-logistics-v1_beta.0.0","ebay.com","","https://logo.clearbit.com/ebay.com"
"ebay.com-sell-marketing-v1.15.0","ebay.com","","https://logo.clearbit.com/ebay.com"
"ebay.com-sell-metadata-v1.6.0","ebay.com","","https://logo.clearbit.com/ebay.com"
"ebay.com-sell-negotiation-v1.1.0","ebay.com","","https://logo.clearbit.com/ebay.com"
"ebay.com-sell-recommendation-1.1.0","ebay.com","","https://logo.clearbit.com/ebay.com"
"ebi.ac.uk-1.0","ebi.ac.uk","","https://logo.clearbit.com/ebi.ac.uk"
"edrv.io-v1","edrv.io","","https://logo.clearbit.com/edrv.io"
"enode.io-1.3.10","enode.io","","https://logo.clearbit.com/enode.io"
"envoice.in-v1","envoice.in","","https://logo.clearbit.com/envoice.in"
"eos.local-1.0.0","eos.local",,
"epa.gov-air-2019.10.15","epa.gov","","https://logo.clearbit.com/epa.gov"
"epa.gov-case-1.0.0","epa.gov","","https://logo.clearbit.com/epa.gov"
"epa.gov-cwa-2019.10.15","epa.gov","","https://logo.clearbit.com/epa.gov"
"epa.gov-dfr-0.0.0","epa.gov","","https://logo.clearbit.com/epa.gov"
"epa.gov-echo-2019.10.15","epa.gov","","https://logo.clearbit.com/epa.gov"
"epa.gov-eff-2019.10.15","epa.gov","","https://logo.clearbit.com/epa.gov"
"epa.gov-rcra-2019.10.15","epa.gov","","https://logo.clearbit.com/epa.gov"
"epa.gov-sdw-2019.10.15","epa.gov","","https://logo.clearbit.com/epa.gov"
"esgenterprise.com-1.0.0","esgenterprise.com","","https://logo.clearbit.com/esgenterprise.com"
"etherpad.local-1.2.15","etherpad.local",,
"etmdb.com-1.0.0","etmdb.com","","https://logo.clearbit.com/etmdb.com"
"etsi.local-MEC010-2_AppPkgMgmt-2.1.1","etsi.local",,
"europeana.eu-version unknown","europeana.eu","","https://logo.clearbit.com/europeana.eu"
"evemarketer.com-1.0.1","evemarketer.com","","https://logo.clearbit.com/evemarketer.com"
"exavault.com-2.0","exavault.com","","https://logo.clearbit.com/exavault.com"
"exchangerate-api.com-4","exchangerate-api.com","","https://logo.clearbit.com/exchangerate-api.com"
"exhibitday.com-v1","exhibitday.com","","https://logo.clearbit.com/exhibitday.com"
"exlibrisgroup.com-tasklists-1.0","exlibrisgroup.com","","https://logo.clearbit.com/exlibrisgroup.com"
"exoapi.dev-1.0.0","exoapi.dev","","https://logo.clearbit.com/exoapi.dev"
"extendsclass.com-json-storage-0.1","extendsclass.com","","https://logo.clearbit.com/extendsclass.com"
"extpose.com-1.0.0","extpose.com","","https://logo.clearbit.com/extpose.com"
"exude-api.herokuapp.com-1.0.0","exude-api.herokuapp.com","","https://logo.clearbit.com/exude-api.herokuapp.com"
"faceidentity-beta.azurewebsites.net-1.0","faceidentity-beta.azurewebsites.net","","https://logo.clearbit.com/faceidentity-beta.azurewebsites.net"
"faretrotter.com-2.0","faretrotter.com","","https://logo.clearbit.com/faretrotter.com"
"fec.gov-1.0","fec.gov","","https://logo.clearbit.com/fec.gov"
"fecru.local-1.0.0","fecru.local",,
"figshare.com-2.0.0","figshare.com","","https://logo.clearbit.com/figshare.com"
"files.com-0.0.1","files.com","","https://logo.clearbit.com/files.com"
"fire.com-1.0","fire.com","","https://logo.clearbit.com/fire.com"
"firebrowse.org-1.1.38 (2018-02-26 11:01:29 484103261f6ef681a05cf163)","firebrowse.org","","https://logo.clearbit.com/firebrowse.org"
"firmalyzer.com-iotvas-1.0","firmalyzer.com","","https://logo.clearbit.com/firmalyzer.com"
"fisheye.local-1.0.0","fisheye.local",,
"flat.io-2.13.0","flat.io","","https://logo.clearbit.com/flat.io"
"flickr.com-1.0.0","flickr.com","","https://logo.clearbit.com/flickr.com"
"formapi.io-v1","formapi.io","","https://logo.clearbit.com/formapi.io"
"frankiefinancial.io-1.5.3","frankiefinancial.io","","https://logo.clearbit.com/frankiefinancial.io"
"fraudlabspro.com-fraud-detection-1.1","fraudlabspro.com","","https://logo.clearbit.com/fraudlabspro.com"
"fraudlabspro.com-sms-verification-1.0","fraudlabspro.com","","https://logo.clearbit.com/fraudlabspro.com"
"freesound.org-2.0.0","freesound.org","","https://logo.clearbit.com/freesound.org"
"freetv-app.com-v1","freetv-app.com","","https://logo.clearbit.com/freetv-app.com"
"fulfillment.com-2.0","fulfillment.com","","https://logo.clearbit.com/fulfillment.com"
"fungenerators.com-barcode-1.5","fungenerators.com","","https://logo.clearbit.com/fungenerators.com"
"fungenerators.com-fake-identity-1.5","fungenerators.com","","https://logo.clearbit.com/fungenerators.com"
"fungenerators.com-lottery-1.5","fungenerators.com","","https://logo.clearbit.com/fungenerators.com"
"fungenerators.com-namegen-1.5","fungenerators.com","","https://logo.clearbit.com/fungenerators.com"
"fungenerators.com-pirate-1.5","fungenerators.com","","https://logo.clearbit.com/fungenerators.com"
"fungenerators.com-qrcode-1.5","fungenerators.com","","https://logo.clearbit.com/fungenerators.com"
"fungenerators.com-random-facts-1.5","fungenerators.com","","https://logo.clearbit.com/fungenerators.com"
"fungenerators.com-riddle-1.5","fungenerators.com","","https://logo.clearbit.com/fungenerators.com"
"fungenerators.com-shakespeare-1.5","fungenerators.com","","https://logo.clearbit.com/fungenerators.com"
"fungenerators.com-taunt-1.5","fungenerators.com","","https://logo.clearbit.com/fungenerators.com"
"fungenerators.com-trivia-1.5","fungenerators.com","","https://logo.clearbit.com/fungenerators.com"
"fungenerators.com-uuid-1.5","fungenerators.com","","https://logo.clearbit.com/fungenerators.com"
"funtranslations.com-braile-2.3","funtranslations.com","","https://logo.clearbit.com/funtranslations.com"
"funtranslations.com-index-2.3","funtranslations.com","","https://logo.clearbit.com/funtranslations.com"
"funtranslations.com-starwars-2.3","funtranslations.com","","https://logo.clearbit.com/funtranslations.com"
"furkot.com-1.0.0","furkot.com","","https://logo.clearbit.com/furkot.com"
"gambitcomm.local-mimic-21.00","gambitcomm.local",,
"gamesparks.net-game-details-v2","gamesparks.net","","https://logo.clearbit.com/gamesparks.net"
"geneea.com-1.0","geneea.com","","https://logo.clearbit.com/geneea.com"
"geodatasource.com-1.0","geodatasource.com","","https://logo.clearbit.com/geodatasource.com"
"geodesystems.com-1.0.0","geodesystems.com","","https://logo.clearbit.com/geodesystems.com"
"gerermesaffaires.com-1.0.6","gerermesaffaires.com","","https://logo.clearbit.com/gerermesaffaires.com"
"getgo.com-gototraining-1.0.0","getgo.com","","https://logo.clearbit.com/getgo.com"
"getgo.com-gotowebinar-1.0.0","getgo.com","","https://logo.clearbit.com/getgo.com"
"getpostman.com-1.20.0","getpostman.com","","https://logo.clearbit.com/getpostman.com"
"getsandbox.com-v1","getsandbox.com","","https://logo.clearbit.com/getsandbox.com"
"getthedata.com-bng2latlong-1.0","getthedata.com","","https://logo.clearbit.com/getthedata.com"
"giphy.com-1.0","giphy.com","","https://logo.clearbit.com/giphy.com"
"gisgraphy.com-4.0.0","gisgraphy.com","","https://logo.clearbit.com/gisgraphy.com"
"gitea.io-1.20.0+dev-539-g5e389228f","gitea.io","","https://logo.clearbit.com/gitea.io"
"gitlab.com-v3","gitlab.com","","https://logo.clearbit.com/gitlab.com"
"globalwinescore.com-8234aab51481d37a30757d925b7f4221a659427e","globalwinescore.com","","https://logo.clearbit.com/globalwinescore.com"
"go-upc.com-1.0.0","go-upc.com","","https://logo.clearbit.com/go-upc.com"
"gov.bc.ca-bcdc-3.0.1","gov.bc.ca","","https://logo.clearbit.com/gov.bc.ca"
"gov.bc.ca-bcgnws-3.x.x","gov.bc.ca","","https://logo.clearbit.com/gov.bc.ca"
"gov.bc.ca-geocoder-2.0.0","gov.bc.ca","","https://logo.clearbit.com/gov.bc.ca"
"gov.bc.ca-geomark-4.1.2","gov.bc.ca","","https://logo.clearbit.com/gov.bc.ca"
"gov.bc.ca-gwells-v1","gov.bc.ca","","https://logo.clearbit.com/gov.bc.ca"
"gov.bc.ca-jobposting-1.0.0","gov.bc.ca","","https://logo.clearbit.com/gov.bc.ca"
"gov.bc.ca-news-1.0","gov.bc.ca","","https://logo.clearbit.com/gov.bc.ca"
"gov.bc.ca-open511-1.0.0","gov.bc.ca","","https://logo.clearbit.com/gov.bc.ca"
"gov.bc.ca-router-2.0.0","gov.bc.ca","","https://logo.clearbit.com/gov.bc.ca"
"graphhopper.com-1.0.0","graphhopper.com","","https://logo.clearbit.com/graphhopper.com"
"greenpeace.org-1.0.0","greenpeace.org","","https://logo.clearbit.com/greenpeace.org"
"greip.io-1.0.0","greip.io","","https://logo.clearbit.com/greip.io"
"groundhog-day.com-1.2.1","groundhog-day.com","","https://logo.clearbit.com/groundhog-day.com"
"gsa.gov-0.1","gsa.gov","","https://logo.clearbit.com/gsa.gov"
"hackathonwatch.com-0.1","hackathonwatch.com","","https://logo.clearbit.com/hackathonwatch.com"
"haloapi.com-metadata-1.0","haloapi.com","","https://logo.clearbit.com/haloapi.com"
"haloapi.com-profile-1.0","haloapi.com","","https://logo.clearbit.com/haloapi.com"
"haloapi.com-stats-1.0","haloapi.com","","https://logo.clearbit.com/haloapi.com"
"haloapi.com-ugc-1.0","haloapi.com","","https://logo.clearbit.com/haloapi.com"
"handwrytten.com-1.0.0","handwrytten.com","","https://logo.clearbit.com/handwrytten.com"
"healthcare.gov-1.0.0","healthcare.gov","","https://logo.clearbit.com/healthcare.gov"
"here.com-positioning-2.1.1","here.com","","https://logo.clearbit.com/here.com"
"here.com-tracking-2.1.192","here.com","","https://logo.clearbit.com/here.com"
"hetras-certification.net-booking-v0","hetras-certification.net","","https://logo.clearbit.com/hetras-certification.net"
"hetras-certification.net-hotel-v0","hetras-certification.net","","https://logo.clearbit.com/hetras-certification.net"
"hetzner.cloud-1.0.0","hetzner.cloud","","https://logo.clearbit.com/hetzner.cloud"
"hhs.gov-2","hhs.gov","","https://logo.clearbit.com/hhs.gov"
"highwaysengland.co.uk-v1","highwaysengland.co.uk","","https://logo.clearbit.com/highwaysengland.co.uk"
"hillbillysoftware.com-shinobi-v1","hillbillysoftware.com","","https://logo.clearbit.com/hillbillysoftware.com"
"hsbc.com-atm-2.2.1","hsbc.com","","https://logo.clearbit.com/hsbc.com"
"hsbc.com-branches-2.2.1","hsbc.com","","https://logo.clearbit.com/hsbc.com"
"hsbc.com-product-2.2.1","hsbc.com","","https://logo.clearbit.com/hsbc.com"
"httpbin.org-0.9.2","httpbin.org",,
"hubapi.com-analytics-v3","hubapi.com","","https://logo.clearbit.com/hubapi.com"
"hubapi.com-auth-v1","hubapi.com","","https://logo.clearbit.com/hubapi.com"
"hubapi.com-automation-v4","hubapi.com","","https://logo.clearbit.com/hubapi.com"
"hubapi.com-business units-v3","hubapi.com","","https://logo.clearbit.com/hubapi.com"
"hubapi.com-cms-v3","hubapi.com","","https://logo.clearbit.com/hubapi.com"
"hubapi.com-communication-preferences-v3","hubapi.com","","https://logo.clearbit.com/hubapi.com"
"hubapi.com-conversations-v3","hubapi.com","","https://logo.clearbit.com/hubapi.com"
"hubapi.com-crm-v3","hubapi.com","","https://logo.clearbit.com/hubapi.com"
"hubapi.com-events-v3","hubapi.com","","https://logo.clearbit.com/hubapi.com"
"hubapi.com-files-v3","hubapi.com","","https://logo.clearbit.com/hubapi.com"
"hubapi.com-marketing-v3","hubapi.com","","https://logo.clearbit.com/hubapi.com"
"hubapi.com-webhooks-v3","hubapi.com","","https://logo.clearbit.com/hubapi.com"
"hubhopper.com-v5","hubhopper.com","","https://logo.clearbit.com/hubhopper.com"
"hydramovies.com-1.1","hydramovies.com","","https://logo.clearbit.com/hydramovies.com"
"ibanapi.com-1.0.0","ibanapi.com","","https://logo.clearbit.com/ibanapi.com"
"icons8.com-1.0.0","icons8.com","","https://logo.clearbit.com/icons8.com"
"id4i.de-1.0.2","id4i.de","","https://logo.clearbit.com/id4i.de"
"ideaconsult.net-enanomapper-4.0.0","ideaconsult.net","","https://logo.clearbit.com/ideaconsult.net"
"ideaconsult.net-nanoreg-4.0.0","ideaconsult.net","","https://logo.clearbit.com/ideaconsult.net"
"ideal-postcodes.co.uk-3.7.0","ideal-postcodes.co.uk","","https://logo.clearbit.com/ideal-postcodes.co.uk"
"idtbeyond.com-1.1.7","idtbeyond.com","","https://logo.clearbit.com/idtbeyond.com"
"ijenko.net-3.0.0","ijenko.net","","https://logo.clearbit.com/ijenko.net"
"illumidesk.com-1.0","illumidesk.com","","https://logo.clearbit.com/illumidesk.com"
"image-charts.com-6.1.19","image-charts.com","","https://logo.clearbit.com/image-charts.com"
"impala.travel-hotels-1.003","impala.travel","","https://logo.clearbit.com/impala.travel"
"import.io-data-1.0","import.io","","https://logo.clearbit.com/import.io"
"import.io-extraction-1.0","import.io","","https://logo.clearbit.com/import.io"
"import.io-rss-1.0","import.io","","https://logo.clearbit.com/import.io"
"import.io-run-1.0","import.io","","https://logo.clearbit.com/import.io"
"import.io-schedule-1.0","import.io","","https://logo.clearbit.com/import.io"
"inboxroute.com-0.9","inboxroute.com","","https://logo.clearbit.com/inboxroute.com"
"increase.com-0.0.1","increase.com","","https://logo.clearbit.com/increase.com"
"infermedica.com-v2","infermedica.com","","https://logo.clearbit.com/infermedica.com"
"influxdata.com-2.0.0","influxdata.com","","https://logo.clearbit.com/influxdata.com"
"inpe.br-dados-abertos-1.0","inpe.br","","https://logo.clearbit.com/inpe.br"
"instagram.com-1.0.0","instagram.com","","https://logo.clearbit.com/instagram.com"
"intel.com-product-catalogue-0.1.0","intel.com","","https://logo.clearbit.com/intel.com"
"intellifi.nl-2.23.4+0.gb463b49.dirty","intellifi.nl","","https://logo.clearbit.com/intellifi.nl"
"interactivebrokers.com-1.0.0","interactivebrokers.com","","https://logo.clearbit.com/interactivebrokers.com"
"interzoid.com-convertcurrency-1.0.0","interzoid.com","","https://logo.clearbit.com/interzoid.com"
"interzoid.com-getaddressmatch-1.0.0","interzoid.com","","https://logo.clearbit.com/interzoid.com"
"interzoid.com-getareacodefromnumber-1.0.0","interzoid.com","","https://logo.clearbit.com/interzoid.com"
"interzoid.com-getcitymatch-1.0.0","interzoid.com","","https://logo.clearbit.com/interzoid.com"
"interzoid.com-getcitystandard-1.0.0","interzoid.com","","https://logo.clearbit.com/interzoid.com"
"interzoid.com-getcompanymatch-1.0.0","interzoid.com","","https://logo.clearbit.com/interzoid.com"
"interzoid.com-getcountrymatch-1.0.0","interzoid.com","","https://logo.clearbit.com/interzoid.com"
"interzoid.com-getcountrystandard-1.0.0","interzoid.com","","https://logo.clearbit.com/interzoid.com"
"interzoid.com-getcurrencyrate-1.0.0","interzoid.com","","https://logo.clearbit.com/interzoid.com"
"interzoid.com-getemailinfo-1.0.0","interzoid.com","","https://logo.clearbit.com/interzoid.com"
"interzoid.com-getfullnamematch-1.0.0","interzoid.com","","https://logo.clearbit.com/interzoid.com"
"interzoid.com-getfullnameparsedmatch-1.0.0","interzoid.com","","https://logo.clearbit.com/interzoid.com"
"interzoid.com-getglobalnumberinfo-1.0.0","interzoid.com","","https://logo.clearbit.com/interzoid.com"
"interzoid.com-getglobaltime-1.0.0","interzoid.com","","https://logo.clearbit.com/interzoid.com"
"interzoid.com-getstateabbreviation-1.0.0","interzoid.com","","https://logo.clearbit.com/interzoid.com"
"interzoid.com-getweathercity-1.0.0","interzoid.com","","https://logo.clearbit.com/interzoid.com"
"interzoid.com-getweatherzip-1.0.0","interzoid.com","","https://logo.clearbit.com/interzoid.com"
"interzoid.com-getzipinfo-1.0.0","interzoid.com","","https://logo.clearbit.com/interzoid.com"
"interzoid.com-globalpageload-1.0.0","interzoid.com","","https://logo.clearbit.com/interzoid.com"
"interzoid.com-lookupareacode-1.0.0","interzoid.com","","https://logo.clearbit.com/interzoid.com"
"ip2location.com-geolocation-1.0","ip2location.com","","https://logo.clearbit.com/ip2location.com"
"ip2location.io-1.0","ip2location.io","","https://logo.clearbit.com/ip2location.io"
"ip2proxy.com-1.0","ip2proxy.com","","https://logo.clearbit.com/ip2proxy.com"
"ip2whois.com-1.0","ip2whois.com","","https://logo.clearbit.com/ip2whois.com"
"ipqualityscore.com-1.0.0","ipqualityscore.com","","https://logo.clearbit.com/ipqualityscore.com"
"iqualify.com-v1","iqualify.com","","https://logo.clearbit.com/iqualify.com"
"isbndb.com-1.0.1","isbndb.com","","https://logo.clearbit.com/isbndb.com"
"isendpro.com-1.1.1","isendpro.com","","https://logo.clearbit.com/isendpro.com"
"iva-api.com-2.0","iva-api.com","","https://logo.clearbit.com/iva-api.com"
"ix-api.net-2.1.0","ix-api.net","","https://logo.clearbit.com/ix-api.net"
"izettle.com-products-1.0.0","izettle.com","","https://logo.clearbit.com/izettle.com"
"javatpoint.com-v1","javatpoint.com","","https://logo.clearbit.com/javatpoint.com"
"jellyfin.local-v1","jellyfin.local",,
"jira.local-1.0.0","jira.local",,
"jirafe.com-2.0.0","jirafe.com","","https://logo.clearbit.com/jirafe.com"
"jokes.one-1.1","jokes.one","","https://logo.clearbit.com/jokes.one"
"journy.io-1.0.0","journy.io","","https://logo.clearbit.com/journy.io"
"json2video.com-2.0.0","json2video.com","","https://logo.clearbit.com/json2video.com"
"jumpseller.com-1.0.0","jumpseller.com","","https://logo.clearbit.com/jumpseller.com"
"just-eat.co.uk-1.0.0","just-eat.co.uk","","https://logo.clearbit.com/just-eat.co.uk"
"keycloak.local-1","keycloak.local",,
"keyserv.solutions-1.4.5","keyserv.solutions","","https://logo.clearbit.com/keyserv.solutions"
"klarna.com-1.0.0","klarna.com","","https://logo.clearbit.com/klarna.com"
"klarna.com-openai-v0","klarna.com","","https://logo.clearbit.com/klarna.com"
"koomalooma.com-1.0","koomalooma.com","","https://logo.clearbit.com/koomalooma.com"
"kubernetes.io-unversioned","kubernetes.io","","https://logo.clearbit.com/kubernetes.io"
"kubernetes.io-v1.10.0","kubernetes.io","","https://logo.clearbit.com/kubernetes.io"
"kumpeapps.com-5.0.0","kumpeapps.com","","https://logo.clearbit.com/kumpeapps.com"
"lambdatest.com-1.0.1","lambdatest.com","","https://logo.clearbit.com/lambdatest.com"
"landregistry.gov.uk-deed-1.0.0","landregistry.gov.uk","","https://logo.clearbit.com/landregistry.gov.uk"
"languagetool.org-1.1.2","languagetool.org","","https://logo.clearbit.com/languagetool.org"
"launchdarkly.com-5.3.0","launchdarkly.com","","https://logo.clearbit.com/launchdarkly.com"
"learnifier.com-1.1.0","learnifier.com","","https://logo.clearbit.com/learnifier.com"
"letmc.com-basic-tier-v2-basic-tier","letmc.com","","https://logo.clearbit.com/letmc.com"
"letmc.com-customer-v2-customer","letmc.com","","https://logo.clearbit.com/letmc.com"
"letmc.com-diary-v3-diary","letmc.com","","https://logo.clearbit.com/letmc.com"
"letmc.com-free-tier-v2-free-tier","letmc.com","","https://logo.clearbit.com/letmc.com"
"letmc.com-maintenance-v3-maintenance","letmc.com","","https://logo.clearbit.com/letmc.com"
"letmc.com-reporting-v3-reporting","letmc.com","","https://logo.clearbit.com/letmc.com"
"lgtm.com-v1.0","lgtm.com","","https://logo.clearbit.com/lgtm.com"
"libretranslate.local-1.3.10","libretranslate.local",,
"link.fish-2018-07-05T00:00:00.000Z","link.fish","","https://logo.clearbit.com/link.fish"
"linode.com-4.151.1","linode.com",,
"linqr.app-2.0","linqr.app","","https://logo.clearbit.com/linqr.app"
"linuxfoundation.org-reimbursement-1.0","linuxfoundation.org","","https://logo.clearbit.com/linuxfoundation.org"
"listennotes.com-2.0","listennotes.com","","https://logo.clearbit.com/listennotes.com"
"ljaero.com-dflight-V 1.0.0","ljaero.com","","https://logo.clearbit.com/ljaero.com"
"logoraisr.com-v1","logoraisr.com","","https://logo.clearbit.com/logoraisr.com"
"loket.nl-V2","loket.nl","","https://logo.clearbit.com/loket.nl"
"lotadata.com-2.0.0","lotadata.com","","https://logo.clearbit.com/lotadata.com"
"lufthansa.com-partner-1.0","lufthansa.com","","https://logo.clearbit.com/lufthansa.com"
"lufthansa.com-public-1.0","lufthansa.com","","https://logo.clearbit.com/lufthansa.com"
"lumminary.com-1.0","lumminary.com","","https://logo.clearbit.com/lumminary.com"
"lyft.com-1.0.0","lyft.com","","https://logo.clearbit.com/lyft.com"
"magento.com-2.2.10","magento.com","","https://logo.clearbit.com/magento.com"
"magick.nu-1.0","magick.nu","","https://logo.clearbit.com/magick.nu"
"maif.local-otoroshi-1.5.0-dev","maif.local",,
"mailboxvalidator.com-checker-1.0.0","mailboxvalidator.com","","https://logo.clearbit.com/mailboxvalidator.com"
"mailboxvalidator.com-disposable-1.0.0","mailboxvalidator.com","","https://logo.clearbit.com/mailboxvalidator.com"
"mailboxvalidator.com-validation-0.1","mailboxvalidator.com","","https://logo.clearbit.com/mailboxvalidator.com"
"mailchimp.com-3.0.55","mailchimp.com","","https://logo.clearbit.com/mailchimp.com"
"mailscript.com-0.4.0","mailscript.com","","https://logo.clearbit.com/mailscript.com"
"mandrillapp.com-1.0","mandrillapp.com","","https://logo.clearbit.com/mandrillapp.com"
"mashape.com-geodb-1.0.0","mashape.com","","https://logo.clearbit.com/mashape.com"
"mastercard.com-BINTableResource-1.0","mastercard.com","","https://logo.clearbit.com/mastercard.com"
"mastercard.com-BillPay-1.0","mastercard.com","","https://logo.clearbit.com/mastercard.com"
"mastercard.com-CurrencyConversionCalculator-1.0.0","mastercard.com","","https://logo.clearbit.com/mastercard.com"
"mastercard.com-Locations-1.0.0","mastercard.com","","https://logo.clearbit.com/mastercard.com"
"mastercard.com-MATCH-1.0.0","mastercard.com","","https://logo.clearbit.com/mastercard.com"
"mastercard.com-MAWS-1.1.0","mastercard.com","","https://logo.clearbit.com/mastercard.com"
"mastercard.com-MDES-2.0.7","mastercard.com","","https://logo.clearbit.com/mastercard.com"
"mastercard.com-MerchantIdentifier-2.0.0","mastercard.com","","https://logo.clearbit.com/mastercard.com"
"mastercard.com-PaymentAccountReferenceInquiryAPI-1.1","mastercard.com","","https://logo.clearbit.com/mastercard.com"
"mastercard.com-PersonalizedLoyaltyOffers-1.3","mastercard.com","","https://logo.clearbit.com/mastercard.com"
"mastercard.com-Repower-V2","mastercard.com","","https://logo.clearbit.com/mastercard.com"
"mastercard.com-SpendingPulse-1.0","mastercard.com","","https://logo.clearbit.com/mastercard.com"
"mastercard.com-masterpassqr-V1","mastercard.com","","https://logo.clearbit.com/mastercard.com"
"mastercard.com-open-banking-connect-pis-1.16.0","mastercard.com","","https://logo.clearbit.com/mastercard.com"
"mastodon.local-1.0","mastodon.local",,
"math.tools-1.5","math.tools","","https://logo.clearbit.com/math.tools"
"mbus.local-0.3.5","mbus.local",,
"mcw.edu-1.1","mcw.edu","","https://logo.clearbit.com/mcw.edu"
"medcorder.com-1.0.0","medcorder.com","","https://logo.clearbit.com/medcorder.com"
"medium.com-1.0","medium.com","","https://logo.clearbit.com/medium.com"
"meilisearch.com-1.0.0","meilisearch.com","","https://logo.clearbit.com/meilisearch.com"
"meraki.com-0.0.0-streaming","meraki.com","","https://logo.clearbit.com/meraki.com"
"meraki.com-1.32.0","meraki.com","","https://logo.clearbit.com/meraki.com"
"mercedes-benz.com-configurator-1.0","mercedes-benz.com","","https://logo.clearbit.com/mercedes-benz.com"
"mercedes-benz.com-dealer-1.0","mercedes-benz.com","","https://logo.clearbit.com/mercedes-benz.com"
"mercedes-benz.com-diagnostics-1.0","mercedes-benz.com","","https://logo.clearbit.com/mercedes-benz.com"
"mercedes-benz.com-image-1.0","mercedes-benz.com","","https://logo.clearbit.com/mercedes-benz.com"
"mercure.local-0.3.2","mercure.local",,
"mermade.org.uk-openapi-converter-1.0.0","mermade.org.uk","","https://logo.clearbit.com/mermade.org.uk"
"meshery.local-0.4.27","meshery.local",,
"metadapi.com-1.0","metadapi.com","","https://logo.clearbit.com/metadapi.com"
"meteosource.com-v1","meteosource.com","","https://logo.clearbit.com/meteosource.com"
"miataru.com-1.0.0","miataru.com","","https://logo.clearbit.com/miataru.com"
"microcks.local-1.7.0","microcks.local",,
"mineskin.org-1.0.0","mineskin.org","","https://logo.clearbit.com/mineskin.org"
"mist.com-0.37.7","mist.com","","https://logo.clearbit.com/mist.com"
"modelpubsub.com-0.1","modelpubsub.com","","https://logo.clearbit.com/modelpubsub.com"
"moderatecontent.com-1.0.0","moderatecontent.com","","https://logo.clearbit.com/moderatecontent.com"
"mon-voyage-pas-cher.com-0.0.1","mon-voyage-pas-cher.com","","https://logo.clearbit.com/mon-voyage-pas-cher.com"
"monarchinitiative.org-1.1.14","monarchinitiative.org","","https://logo.clearbit.com/monarchinitiative.org"
"moonmoonmoonmoon.com-1.0","moonmoonmoonmoon.com","","https://logo.clearbit.com/moonmoonmoonmoon.com"
"motaword.com-1.0","motaword.com","","https://logo.clearbit.com/motaword.com"
"mozilla.com-kinto-1.22","mozilla.com","","https://logo.clearbit.com/mozilla.com"
"mtaa-api.herokuapp.com-1.0","mtaa-api.herokuapp.com","","https://logo.clearbit.com/mtaa-api.herokuapp.com"
"musixmatch.com-1.1.0","musixmatch.com","","https://logo.clearbit.com/musixmatch.com"
"mux.com-v1","mux.com","","https://logo.clearbit.com/mux.com"
"n-auth.com-2.2","n-auth.com","","https://logo.clearbit.com/n-auth.com"
"namsor.com-2.0.24","namsor.com","","https://logo.clearbit.com/namsor.com"
"nasa.gov-apod-1.0.0","nasa.gov","","https://logo.clearbit.com/nasa.gov"
"nasa.gov-asteroids neows-3.4.0","nasa.gov","","https://logo.clearbit.com/nasa.gov"
"nativeads.com-1.0.0","nativeads.com","","https://logo.clearbit.com/nativeads.com"
"naviplancentral.com-factfinder-v1","naviplancentral.com","","https://logo.clearbit.com/naviplancentral.com"
"naviplancentral.com-plan-v1","naviplancentral.com","","https://logo.clearbit.com/naviplancentral.com"
"nba.com-version","nba.com","","https://logo.clearbit.com/nba.com"
"nbg.gr-v3.1.5","nbg.gr","","https://logo.clearbit.com/nbg.gr"
"ndhm.gov.in-ndhm-cm-0.5","ndhm.gov.in","","https://logo.clearbit.com/ndhm.gov.in"
"ndhm.gov.in-ndhm-gateway-0.5","ndhm.gov.in","","https://logo.clearbit.com/ndhm.gov.in"
"ndhm.gov.in-ndhm-healthid-1.0","ndhm.gov.in","","https://logo.clearbit.com/ndhm.gov.in"
"ndhm.gov.in-ndhm-hip-0.5","ndhm.gov.in","","https://logo.clearbit.com/ndhm.gov.in"
"ndhm.gov.in-ndhm-hiu-0.5","ndhm.gov.in","","https://logo.clearbit.com/ndhm.gov.in"
"nebl.io-1.3.0","nebl.io","","https://logo.clearbit.com/nebl.io"
"neowsapp.com-1.0","neowsapp.com","","https://logo.clearbit.com/neowsapp.com"
"netatmo.net-1.1.5","netatmo.net","","https://logo.clearbit.com/netatmo.net"
"netbox.dev-3.4","netbox.dev","","https://logo.clearbit.com/netbox.dev"
"netboxdemo.com-2.4","netboxdemo.com","","https://logo.clearbit.com/netboxdemo.com"
"netboxdemo.com-2.8","netboxdemo.com","","https://logo.clearbit.com/netboxdemo.com"
"netlicensing.io-2.x","netlicensing.io","","https://logo.clearbit.com/netlicensing.io"
"netlify.com-2.16.0","netlify.com","","https://logo.clearbit.com/netlify.com"
"neutrinoapi.net-3.6.4","neutrinoapi.net","","https://logo.clearbit.com/neutrinoapi.net"
"nexmo.com-account-1.0.4","nexmo.com","","https://logo.clearbit.com/nexmo.com"
"nexmo.com-application-1.0.2","nexmo.com","","https://logo.clearbit.com/nexmo.com"
"nexmo.com-application.v2-2.1.4","nexmo.com","","https://logo.clearbit.com/nexmo.com"
"nexmo.com-audit-1.0.4","nexmo.com","","https://logo.clearbit.com/nexmo.com"
"nexmo.com-conversation-2.0.1","nexmo.com","","https://logo.clearbit.com/nexmo.com"
"nexmo.com-conversation.v2-1.0.1","nexmo.com","","https://logo.clearbit.com/nexmo.com"
"nexmo.com-conversion-1.0.1","nexmo.com","","https://logo.clearbit.com/nexmo.com"
"nexmo.com-dispatch-0.3.4","nexmo.com","","https://logo.clearbit.com/nexmo.com"
"nexmo.com-external-accounts-0.1.5","nexmo.com","","https://logo.clearbit.com/nexmo.com"
"nexmo.com-media-1.0.2","nexmo.com","","https://logo.clearbit.com/nexmo.com"
"nexmo.com-messages-olympus-1.4.0","nexmo.com","","https://logo.clearbit.com/nexmo.com"
"nexmo.com-number-insight-1.2.1","nexmo.com","","https://logo.clearbit.com/nexmo.com"
"nexmo.com-numbers-1.0.20","nexmo.com","","https://logo.clearbit.com/nexmo.com"
"nexmo.com-pricing-0.0.3","nexmo.com","","https://logo.clearbit.com/nexmo.com"
"nexmo.com-redact-1.0.6","nexmo.com","","https://logo.clearbit.com/nexmo.com"
"nexmo.com-reports-2.2.2","nexmo.com","","https://logo.clearbit.com/nexmo.com"
"nexmo.com-sms-1.2.0","nexmo.com","","https://logo.clearbit.com/nexmo.com"
"nexmo.com-subaccounts-1.0.8","nexmo.com","","https://logo.clearbit.com/nexmo.com"
"nexmo.com-verify-1.2.4","nexmo.com","","https://logo.clearbit.com/nexmo.com"
"nexmo.com-voice-1.3.10","nexmo.com","","https://logo.clearbit.com/nexmo.com"
"nfusionsolutions.biz-1","nfusionsolutions.biz","","https://logo.clearbit.com/nfusionsolutions.biz"
"noosh.com-1.0","noosh.com","","https://logo.clearbit.com/noosh.com"
"nordigen.com-2.0 (v2)","nordigen.com","","https://logo.clearbit.com/nordigen.com"
"notion.com-1.0.0","notion.com","","https://logo.clearbit.com/notion.com"
"nowpayments.io-1.0.0","nowpayments.io","","https://logo.clearbit.com/nowpayments.io"
"npr.org-authorization-2","npr.org","","https://logo.clearbit.com/npr.org"
"npr.org-identity-2","npr.org","","https://logo.clearbit.com/npr.org"
"npr.org-listening-2","npr.org","","https://logo.clearbit.com/npr.org"
"npr.org-sponsorship-2","npr.org","","https://logo.clearbit.com/npr.org"
"npr.org-station-finder-3","npr.org","","https://logo.clearbit.com/npr.org"
"nrel.gov-building-case-studies-1.0","nrel.gov","","https://logo.clearbit.com/nrel.gov"
"nrel.gov-transportation-incentives-laws-0.1.0","nrel.gov","","https://logo.clearbit.com/nrel.gov"
"nrm.se-georg-2.1","nrm.se","","https://logo.clearbit.com/nrm.se"
"nsidc.org-1.0.0","nsidc.org","","https://logo.clearbit.com/nsidc.org"
"ntropy.network-1.0.0","ntropy.network","","https://logo.clearbit.com/ntropy.network"
"nytimes.com-archive-1.0.0","nytimes.com","","https://logo.clearbit.com/nytimes.com"
"nytimes.com-article_search-1.0.0","nytimes.com","","https://logo.clearbit.com/nytimes.com"
"nytimes.com-books_api-3.0.0","nytimes.com","","https://logo.clearbit.com/nytimes.com"
"nytimes.com-community-3.0.0","nytimes.com","","https://logo.clearbit.com/nytimes.com"
"nytimes.com-geo_api-1.0.0","nytimes.com","","https://logo.clearbit.com/nytimes.com"
"nytimes.com-most_popular_api-2.0.0","nytimes.com","","https://logo.clearbit.com/nytimes.com"
"nytimes.com-movie_reviews-2.0.0","nytimes.com","","https://logo.clearbit.com/nytimes.com"
"nytimes.com-semantic_api-2.0.0","nytimes.com","","https://logo.clearbit.com/nytimes.com"
"nytimes.com-times_tags-1.0.0","nytimes.com","","https://logo.clearbit.com/nytimes.com"
"nytimes.com-timeswire-3.0.0","nytimes.com","","https://logo.clearbit.com/nytimes.com"
"nytimes.com-top_stories-2.0.0","nytimes.com","","https://logo.clearbit.com/nytimes.com"
"o2.cz-mobility-1.2.0","o2.cz","","https://logo.clearbit.com/o2.cz"
"o2.cz-sociodemo-1.2.0","o2.cz","","https://logo.clearbit.com/o2.cz"
"obono.at-1.4.0.0","obono.at","","https://logo.clearbit.com/obono.at"
"oceandrivers.com-1.0","oceandrivers.com","","https://logo.clearbit.com/oceandrivers.com"
"okta.local-1.0.0","okta.local",,
"omdbapi.com-1","omdbapi.com","","https://logo.clearbit.com/omdbapi.com"
"onsched.com-consumer-v1","onsched.com","","https://logo.clearbit.com/onsched.com"
"onsched.com-setup-v1","onsched.com","","https://logo.clearbit.com/onsched.com"
"onsched.com-utility-v1","onsched.com","","https://logo.clearbit.com/onsched.com"
"openai.com-1.2.0","openai.com","","https://logo.clearbit.com/openai.com"
"openalpr.com-3.0.1","openalpr.com","","https://logo.clearbit.com/openalpr.com"
"openapi-generator.tech-6.5.0","openapi-generator.tech","","https://logo.clearbit.com/openapi-generator.tech"
"openapi.space-1.0.0","openapi.space","","https://logo.clearbit.com/openapi.space"
"openaq.local-2.0.0","openaq.local",,
"openbanking.org.uk-account-info-openapi-3.1.7","openbanking.org.uk","","https://logo.clearbit.com/openbanking.org.uk"
"openbanking.org.uk-confirmation-funds-openapi-3.1.7","openbanking.org.uk","","https://logo.clearbit.com/openbanking.org.uk"
"openbanking.org.uk-event-notifications-openapi-3.1.7","openbanking.org.uk","","https://logo.clearbit.com/openbanking.org.uk"
"openbanking.org.uk-payment-initiation-openapi-3.1.7","openbanking.org.uk","","https://logo.clearbit.com/openbanking.org.uk"
"openbanking.org.uk-v1.3","openbanking.org.uk","","https://logo.clearbit.com/openbanking.org.uk"
"openbankingproject.ch-1.3.8_2020-12-14 - Swiss edition 1.3.8.1-CH","openbankingproject.ch","","https://logo.clearbit.com/openbankingproject.ch"
"opencagedata.com-1","opencagedata.com","","https://logo.clearbit.com/opencagedata.com"
"openchannel.io-market-2.0.24","openchannel.io","","https://logo.clearbit.com/openchannel.io"
"opendatanetwork.com-1.0.0","opendatanetwork.com","","https://logo.clearbit.com/opendatanetwork.com"
"opendatasoft.com-2.1.0","opendatasoft.com","","https://logo.clearbit.com/opendatasoft.com"
"openfigi.com-1.4.0","openfigi.com","","https://logo.clearbit.com/openfigi.com"
"openfintech.io-2017-08-24T00:00:00.000Z","openfintech.io","","https://logo.clearbit.com/openfintech.io"
"openindex.ai-1.0.0","openindex.ai","","https://logo.clearbit.com/openindex.ai"
"openlinksw.com-osdb-1.0.0","openlinksw.com","","https://logo.clearbit.com/openlinksw.com"
"openpolicy.local-0.28.0","openpolicy.local",,
"openstf.io-2.3.0","openstf.io","","https://logo.clearbit.com/openstf.io"
"opensuse.org-obs-2.10.50","opensuse.org","","https://logo.clearbit.com/opensuse.org"
"opentargets.io-19.02.1","opentargets.io","","https://logo.clearbit.com/opentargets.io"
"opentrials.local-0.0.1","opentrials.local",,
"openuv.io-v1","openuv.io","","https://logo.clearbit.com/openuv.io"
"optimade.local-1.1.0~develop","optimade.local",,
"opto22.com-groov-R4.2a","opto22.com","","https://logo.clearbit.com/opto22.com"
"opto22.com-pac-R1.0a","opto22.com","","https://logo.clearbit.com/opto22.com"
"orbit.love-v1","orbit.love","","https://logo.clearbit.com/orbit.love"
"orghunter.com-1.0.0","orghunter.com","","https://logo.clearbit.com/orghunter.com"
"ornl.gov-daymet-1.0.2","ornl.gov","","https://logo.clearbit.com/ornl.gov"
"orthanc-server.com-1.12.0","orthanc-server.com","","https://logo.clearbit.com/orthanc-server.com"
"osf.io-2.0","osf.io","","https://logo.clearbit.com/osf.io"
"osisoft.com-1.11.1.5383","osisoft.com","","https://logo.clearbit.com/osisoft.com"
"ote-godaddy.com-abuse-1.0.0","ote-godaddy.com","","https://logo.clearbit.com/ote-godaddy.com"
"ote-godaddy.com-aftermarket-1.0.0","ote-godaddy.com","","https://logo.clearbit.com/ote-godaddy.com"
"ote-godaddy.com-agreements-1.0.0","ote-godaddy.com","","https://logo.clearbit.com/ote-godaddy.com"
"ote-godaddy.com-certificates-1.0.0","ote-godaddy.com","","https://logo.clearbit.com/ote-godaddy.com"
"ote-godaddy.com-countries-1.0.0","ote-godaddy.com","","https://logo.clearbit.com/ote-godaddy.com"
"ote-godaddy.com-domains-1.0.0","ote-godaddy.com","","https://logo.clearbit.com/ote-godaddy.com"
"ote-godaddy.com-orders-1.0.0","ote-godaddy.com","","https://logo.clearbit.com/ote-godaddy.com"
"ote-godaddy.com-shoppers-1.0.0","ote-godaddy.com","","https://logo.clearbit.com/ote-godaddy.com"
"ote-godaddy.com-subscriptions-1.0.0","ote-godaddy.com","","https://logo.clearbit.com/ote-godaddy.com"
"owler.com-1.0.0","owler.com","","https://logo.clearbit.com/owler.com"
"oxforddictionaries.com-1.11.0","oxforddictionaries.com","","https://logo.clearbit.com/oxforddictionaries.com"
"pandascore.co-2.23.1","pandascore.co","","https://logo.clearbit.com/pandascore.co"
"pandorabots.com-1.0.0","pandorabots.com","","https://logo.clearbit.com/pandorabots.com"
"papinet.io-order_status-1.0.0","papinet.io","","https://logo.clearbit.com/papinet.io"
"parliament.uk-bills-v1","parliament.uk","","https://logo.clearbit.com/parliament.uk"
"parliament.uk-commonsvotes-v1","parliament.uk","","https://logo.clearbit.com/parliament.uk"
"parliament.uk-oralquestions-v1","parliament.uk","","https://logo.clearbit.com/parliament.uk"
"parliament.uk-search-Live","parliament.uk","","https://logo.clearbit.com/parliament.uk"
"passwordutility.net-v1","passwordutility.net","","https://logo.clearbit.com/passwordutility.net"
"patientview.org-1.0","patientview.org","","https://logo.clearbit.com/patientview.org"
"patrowl.local-1.0.0","patrowl.local",,
"pay1.de-link-v1","pay1.de","","https://logo.clearbit.com/pay1.de"
"paylocity.com-2","paylocity.com","","https://logo.clearbit.com/paylocity.com"
"payments.service.gov.uk-payments-1.0.3","payments.service.gov.uk","","https://logo.clearbit.com/payments.service.gov.uk"
"paypi.dev-1.0.0","paypi.dev","","https://logo.clearbit.com/paypi.dev"
"payrun.io-23.24.2.136","payrun.io","","https://logo.clearbit.com/payrun.io"
"pdfblocks.com-1.5.0","pdfblocks.com","","https://logo.clearbit.com/pdfblocks.com"
"pdfgeneratorapi.com-3.1.1","pdfgeneratorapi.com","","https://logo.clearbit.com/pdfgeneratorapi.com"
"peel-ci.com-1.0.0","peel-ci.com","","https://logo.clearbit.com/peel-ci.com"
"pendo.io-1.0.0","pendo.io","","https://logo.clearbit.com/pendo.io"
"peoplefinderspro.com-1.0.0","peoplefinderspro.com","","https://logo.clearbit.com/peoplefinderspro.com"
"peoplegeneratorapi.live-v0","peoplegeneratorapi.live","","https://logo.clearbit.com/peoplegeneratorapi.live"
"personio.de-authentication-1.0","personio.de","","https://logo.clearbit.com/personio.de"
"personio.de-personnel-1.0","personio.de","","https://logo.clearbit.com/personio.de"
"phantauth.net-1.0.0","phantauth.net","","https://logo.clearbit.com/phantauth.net"
"phila.gov-pollingplaces-1.0","phila.gov","","https://logo.clearbit.com/phila.gov"
"pims.io-1.0","pims.io","","https://logo.clearbit.com/pims.io"
"pinecone.io-20230406.1","pinecone.io","","https://logo.clearbit.com/pinecone.io"
"placekit.co-1.0.0","placekit.co","","https://logo.clearbit.com/placekit.co"
"pocketsmith.com-2.0","pocketsmith.com","","https://logo.clearbit.com/pocketsmith.com"
"poemist.com-1.0","poemist.com","","https://logo.clearbit.com/poemist.com"
"polygon.io-1.0.0","polygon.io","","https://logo.clearbit.com/polygon.io"
"portfoliooptimizer.io-1.0.9","portfoliooptimizer.io","","https://logo.clearbit.com/portfoliooptimizer.io"
"postmarkapp.com-account-0.9.0","postmarkapp.com","","https://logo.clearbit.com/postmarkapp.com"
"postmarkapp.com-server-1.0.0","postmarkapp.com","","https://logo.clearbit.com/postmarkapp.com"
"powerdns.local-0.0.13","powerdns.local",,
"presalytics.io-converter-0.1","presalytics.io","","https://logo.clearbit.com/presalytics.io"
"presalytics.io-story-0.3.1","presalytics.io","","https://logo.clearbit.com/presalytics.io"
"pressassociation.io-2.0","pressassociation.io","","https://logo.clearbit.com/pressassociation.io"
"probely.com-1.2.0","probely.com","","https://logo.clearbit.com/probely.com"
"ptv.vic.gov.au-v3","ptv.vic.gov.au","","https://logo.clearbit.com/ptv.vic.gov.au"
"qualpay.com-1.7.0","qualpay.com","","https://logo.clearbit.com/qualpay.com"
"qualtrics.com-0.2","qualtrics.com","","https://logo.clearbit.com/qualtrics.com"
"quarantine.country-1.0","quarantine.country","","https://logo.clearbit.com/quarantine.country"
"quickchart.io-1.0.0","quickchart.io","","https://logo.clearbit.com/quickchart.io"
"quicksold.co.uk-location-1.0","quicksold.co.uk","","https://logo.clearbit.com/quicksold.co.uk"
"quotes.rest-5.1","quotes.rest","","https://logo.clearbit.com/quotes.rest"
"randomlovecraft.com-1.0","randomlovecraft.com","","https://logo.clearbit.com/randomlovecraft.com"
"rapidapi.com-1.0.0","rapidapi.com","","https://logo.clearbit.com/rapidapi.com"
"rapidapi.com-dynamicdocs-1.0","rapidapi.com","","https://logo.clearbit.com/rapidapi.com"
"rapidapi.com-ecowetter-1.0.0","rapidapi.com","","https://logo.clearbit.com/rapidapi.com"
"rapidapi.com-football-prediction-2","rapidapi.com","","https://logo.clearbit.com/rapidapi.com"
"rapidapi.com-idealspot-geodata-1.0","rapidapi.com","","https://logo.clearbit.com/rapidapi.com"
"rapidapi.com-language-identification-1.0.0","rapidapi.com","","https://logo.clearbit.com/rapidapi.com"
"rapidapi.com-spellcheckpro-1.0.0","rapidapi.com","","https://logo.clearbit.com/rapidapi.com"
"rawg.io-v1.0","rawg.io","","https://logo.clearbit.com/rawg.io"
"rbaskets.in-1.0.0","rbaskets.in","","https://logo.clearbit.com/rbaskets.in"
"readme.io-2.0.0","readme.io","","https://logo.clearbit.com/readme.io"
"rebilly.com-2.1","rebilly.com","","https://logo.clearbit.com/rebilly.com"
"redeal.io-analytics-1.0.0","redeal.io","","https://logo.clearbit.com/redeal.io"
"redhat.com-catalog_inventory-1.0.0","redhat.com","","https://logo.clearbit.com/redhat.com"
"redhat.local-patchman-engine-v1.15.3","redhat.local",,
"redirection.io-1.1.0","redirection.io","","https://logo.clearbit.com/redirection.io"
"refugerestrooms.org-0.0.1","refugerestrooms.org","","https://logo.clearbit.com/refugerestrooms.org"
"regcheck.org.uk-1.0.0","regcheck.org.uk","","https://logo.clearbit.com/regcheck.org.uk"
"reloadly.com-1.0.0","reloadly.com","","https://logo.clearbit.com/reloadly.com"
"remove.bg-1.0.0","remove.bg","","https://logo.clearbit.com/remove.bg"
"rentcast.io-1.0","rentcast.io","","https://logo.clearbit.com/rentcast.io"
"restful4up.local-1.0.0","restful4up.local",,
"rev.ai-v1","rev.ai","","https://logo.clearbit.com/rev.ai"
"reverb.com-3.0","reverb.com","","https://logo.clearbit.com/reverb.com"
"reversepp.com-1.0","reversepp.com","","https://logo.clearbit.com/reversepp.com"
"ritc.io-1.0.0","ritc.io","","https://logo.clearbit.com/ritc.io"
"ritekit.com-1.0.0","ritekit.com","","https://logo.clearbit.com/ritekit.com"
"roaring.io-1.0","roaring.io","","https://logo.clearbit.com/roaring.io"
"rottentomatoes.com-1.0","rottentomatoes.com","","https://logo.clearbit.com/rottentomatoes.com"
"royalmail.com-click-and-drop-1.0.0","royalmail.com","","https://logo.clearbit.com/royalmail.com"
"rubrikinc.github.io-v1","rubrikinc.github.io","","https://logo.clearbit.com/rubrikinc.github.io"
"rudder.example.local-17","rudder.example.local",,
"rumble.run-2.15.0","rumble.run","","https://logo.clearbit.com/rumble.run"
"runscope.com-1.0.0","runscope.com","","https://logo.clearbit.com/runscope.com"
"sakari.io-1.0.1","sakari.io","","https://logo.clearbit.com/sakari.io"
"salesforce.local-einstein-2.0.1","salesforce.local",,
"salesloft.com-v2","salesloft.com","","https://logo.clearbit.com/salesloft.com"
"schooldigger.com-v1","schooldigger.com","","https://logo.clearbit.com/schooldigger.com"
"schooldigger.com-v2.0","schooldigger.com","","https://logo.clearbit.com/schooldigger.com"
"scideas.net-perfectpdf-1.0","scideas.net","","https://logo.clearbit.com/scideas.net"
"scideas.net-regression-1.0","scideas.net","","https://logo.clearbit.com/scideas.net"
"scrapewebsite.email-0.1","scrapewebsite.email","","https://logo.clearbit.com/scrapewebsite.email"
"seldon.local-engine-0.1","seldon.local",,
"seldon.local-wrapper-0.1","seldon.local",,
"selectpdf.com-1.0.0","selectpdf.com","","https://logo.clearbit.com/selectpdf.com"
"semantria.com-4.0","semantria.com","","https://logo.clearbit.com/semantria.com"
"sendgrid.com-1.0.0","sendgrid.com","","https://logo.clearbit.com/sendgrid.com"
"setlist.fm-1.0","setlist.fm","","https://logo.clearbit.com/setlist.fm"
"sheerseo.com-0.0.1","sheerseo.com","","https://logo.clearbit.com/sheerseo.com"
"sheetlabs.com-rig-veda-1.2","sheetlabs.com","","https://logo.clearbit.com/sheetlabs.com"
"sheetlabs.com-vedic-society-1.2","sheetlabs.com","","https://logo.clearbit.com/sheetlabs.com"
"shipengine.com-1.1.202304191404","shipengine.com","","https://logo.clearbit.com/shipengine.com"
"shipstation.com-1.0.0","shipstation.com","","https://logo.clearbit.com/shipstation.com"
"shop-pro.jp-1.0.0","shop-pro.jp","","https://logo.clearbit.com/shop-pro.jp"
"shop.app-v1","shop.app","","https://logo.clearbit.com/shop.app"
"shorten.rest-1.0.0","shorten.rest","","https://logo.clearbit.com/shorten.rest"
"shotstack.io-v1","shotstack.io","","https://logo.clearbit.com/shotstack.io"
"shutterstock.com-1.1.32","shutterstock.com","","https://logo.clearbit.com/shutterstock.com"
"signl4.com-v1","signl4.com","","https://logo.clearbit.com/signl4.com"
"sinao.app-1.1.0","sinao.app","","https://logo.clearbit.com/sinao.app"
"skynewz-api-fortnite.herokuapp.com-3.1.5","skynewz-api-fortnite.herokuapp.com","","https://logo.clearbit.com/skynewz-api-fortnite.herokuapp.com"
"slack.com-1.7.0","slack.com","","https://logo.clearbit.com/slack.com"
"slack.com-openai-v1","slack.com","","https://logo.clearbit.com/slack.com"
"slicebox.local-2.0","slicebox.local",,
"slideroom.com-v2","slideroom.com","","https://logo.clearbit.com/slideroom.com"
"slmonitor.com-2.1","slmonitor.com","","https://logo.clearbit.com/slmonitor.com"
"smart-me.com-v1","smart-me.com","","https://logo.clearbit.com/smart-me.com"
"sms77.io-1.0.0","sms77.io","","https://logo.clearbit.com/sms77.io"
"snyk.io-1.0.0","snyk.io","","https://logo.clearbit.com/snyk.io"
"solarvps.com-1.0.0","solarvps.com","","https://logo.clearbit.com/solarvps.com"
"sonar.trading-1.0","sonar.trading","","https://logo.clearbit.com/sonar.trading"
"soundcloud.com-1.0.0","soundcloud.com","","https://logo.clearbit.com/soundcloud.com"
"spacetraders.io-2.0.0","spacetraders.io","","https://logo.clearbit.com/spacetraders.io"
"spectrocoin.com-1.0.0","spectrocoin.com","","https://logo.clearbit.com/spectrocoin.com"
"spinbot.net-1.0","spinbot.net","","https://logo.clearbit.com/spinbot.net"
"spinitron.com-1.0.0","spinitron.com","","https://logo.clearbit.com/spinitron.com"
"spoonacular.com-1.1","spoonacular.com","","https://logo.clearbit.com/spoonacular.com"
"sportsdata.io-cbb-v3-scores-1.0","sportsdata.io","","https://logo.clearbit.com/sportsdata.io"
"sportsdata.io-cbb-v3-stats-1.0","sportsdata.io","","https://logo.clearbit.com/sportsdata.io"
"sportsdata.io-cfb-v3-scores-1.0","sportsdata.io","","https://logo.clearbit.com/sportsdata.io"
"sportsdata.io-csgo-v3-scores-1.0","sportsdata.io","","https://logo.clearbit.com/sportsdata.io"
"sportsdata.io-csgo-v3-stats-1.0","sportsdata.io","","https://logo.clearbit.com/sportsdata.io"
"sportsdata.io-golf-v2-1.0","sportsdata.io","","https://logo.clearbit.com/sportsdata.io"
"sportsdata.io-lol-v3-projections-1.0","sportsdata.io","","https://logo.clearbit.com/sportsdata.io"
"sportsdata.io-lol-v3-scores-1.0","sportsdata.io","","https://logo.clearbit.com/sportsdata.io"
"sportsdata.io-lol-v3-stats-1.0","sportsdata.io","","https://logo.clearbit.com/sportsdata.io"
"sportsdata.io-mlb-v3-play-by-play-1.0","sportsdata.io","","https://logo.clearbit.com/sportsdata.io"
"sportsdata.io-mlb-v3-projections-1.0","sportsdata.io","","https://logo.clearbit.com/sportsdata.io"
"sportsdata.io-mlb-v3-rotoballer-articles-1.0","sportsdata.io","","https://logo.clearbit.com/sportsdata.io"
"sportsdata.io-mlb-v3-rotoballer-premium-news-1.0","sportsdata.io","","https://logo.clearbit.com/sportsdata.io"
"sportsdata.io-mlb-v3-scores-1.0","sportsdata.io","","https://logo.clearbit.com/sportsdata.io"
"sportsdata.io-mlb-v3-stats-1.0","sportsdata.io","","https://logo.clearbit.com/sportsdata.io"
"sportsdata.io-nascar-v2-1.0","sportsdata.io","","https://logo.clearbit.com/sportsdata.io"
"sportsdata.io-nba-v3-play-by-play-1.0","sportsdata.io","","https://logo.clearbit.com/sportsdata.io"
"sportsdata.io-nba-v3-projections-1.0","sportsdata.io","","https://logo.clearbit.com/sportsdata.io"
"sportsdata.io-nba-v3-rotoballer-articles-1.0","sportsdata.io","","https://logo.clearbit.com/sportsdata.io"
"sportsdata.io-nba-v3-rotoballer-premium-news-1.0","sportsdata.io","","https://logo.clearbit.com/sportsdata.io"
"sportsdata.io-nba-v3-scores-1.0","sportsdata.io","","https://logo.clearbit.com/sportsdata.io"
"sportsdata.io-nba-v3-stats-1.0","sportsdata.io","","https://logo.clearbit.com/sportsdata.io"
"sportsdata.io-nfl-v3-play-by-play-1.0","sportsdata.io","","https://logo.clearbit.com/sportsdata.io"
"sportsdata.io-nfl-v3-projections-1.0","sportsdata.io","","https://logo.clearbit.com/sportsdata.io"
"sportsdata.io-nfl-v3-rotoballer-articles-1.0","sportsdata.io","","https://logo.clearbit.com/sportsdata.io"
"sportsdata.io-nfl-v3-rotoballer-premium-news-1.0","sportsdata.io","","https://logo.clearbit.com/sportsdata.io"
"sportsdata.io-nfl-v3-scores-1.0","sportsdata.io","","https://logo.clearbit.com/sportsdata.io"
"sportsdata.io-nfl-v3-stats-1.0","sportsdata.io","","https://logo.clearbit.com/sportsdata.io"
"sportsdata.io-nhl-v3-play-by-play-1.0","sportsdata.io","","https://logo.clearbit.com/sportsdata.io"
"sportsdata.io-nhl-v3-projections-1.0","sportsdata.io","","https://logo.clearbit.com/sportsdata.io"
"sportsdata.io-nhl-v3-scores-1.0","sportsdata.io","","https://logo.clearbit.com/sportsdata.io"
"sportsdata.io-nhl-v3-stats-1.0","sportsdata.io","","https://logo.clearbit.com/sportsdata.io"
"sportsdata.io-soccer-v3-projections-1.0","sportsdata.io","","https://logo.clearbit.com/sportsdata.io"
"sportsdata.io-soccer-v3-scores-1.0","sportsdata.io","","https://logo.clearbit.com/sportsdata.io"
"sportsdata.io-soccer-v3-stats-1.0","sportsdata.io","","https://logo.clearbit.com/sportsdata.io"
"spotify.com-1.0.0","spotify.com","","https://logo.clearbit.com/spotify.com"
"spotify.com-sonallux-2023.2.27","spotify.com","","https://logo.clearbit.com/spotify.com"
"squareup.com-2.0","squareup.com","","https://logo.clearbit.com/squareup.com"
"stackexchange.com-2.0","stackexchange.com","","https://logo.clearbit.com/stackexchange.com"
"staging-ecotaco.com-1.0.0","staging-ecotaco.com","","https://logo.clearbit.com/staging-ecotaco.com"
"statsocial.com-1.0.0","statsocial.com","","https://logo.clearbit.com/statsocial.com"
"stellastra.com-1.0","stellastra.com","","https://logo.clearbit.com/stellastra.com"
"stoplight.io-api-v1","stoplight.io","","https://logo.clearbit.com/stoplight.io"
"storecove.com-2.0.1","storecove.com","","https://logo.clearbit.com/storecove.com"
"stormglass.io-1.0.1","stormglass.io","","https://logo.clearbit.com/stormglass.io"
"stream-io-api.com-v80.2.0","stream-io-api.com","","https://logo.clearbit.com/stream-io-api.com"
"superset.apache.local-superset-v1","superset.apache.local",,
"surevoip.co.uk-9dcb0dc8","surevoip.co.uk","","https://logo.clearbit.com/surevoip.co.uk"
"surrey.ca-open511-0.1","surrey.ca","","https://logo.clearbit.com/surrey.ca"
"surrey.ca-trafficloops-0.1","surrey.ca","","https://logo.clearbit.com/surrey.ca"
"swagger.io-generator-2.4.31","swagger.io","","https://logo.clearbit.com/swagger.io"
"swaggerhub.com-1.0.66","swaggerhub.com","","https://logo.clearbit.com/swaggerhub.com"
"symanto.net-1.0","symanto.net","","https://logo.clearbit.com/symanto.net"
"synq.fm-1.9.1","synq.fm","","https://logo.clearbit.com/synq.fm"
"tafqit.herokuapp.com-v1","tafqit.herokuapp.com","","https://logo.clearbit.com/tafqit.herokuapp.com"
"taggun.io-1.15.0","taggun.io","","https://logo.clearbit.com/taggun.io"
"taxamo.com-1","taxamo.com","","https://logo.clearbit.com/taxamo.com"
"taxrates.io-1.0.0","taxrates.io","","https://logo.clearbit.com/taxrates.io"
"tcgdex.net-2.0.0","tcgdex.net","","https://logo.clearbit.com/tcgdex.net"
"telegram.org-5.0.0","telegram.org","","https://logo.clearbit.com/telegram.org"
"telematicssdk.com-1.0.0","telematicssdk.com","","https://logo.clearbit.com/telematicssdk.com"
"telnyx.com-2.0.0","telnyx.com","","https://logo.clearbit.com/telnyx.com"
"telstra.com-3.x","telstra.com","","https://logo.clearbit.com/telstra.com"
"testfire.net-altoroj-1.0.2","testfire.net","","https://logo.clearbit.com/testfire.net"
"text2data.org-v3.4","text2data.org","","https://logo.clearbit.com/text2data.org"
"tfl.gov.uk-v1","tfl.gov.uk","","https://logo.clearbit.com/tfl.gov.uk"
"thebluealliance.com-3.8.2","thebluealliance.com","","https://logo.clearbit.com/thebluealliance.com"
"thenounproject.com-1.0.0","thenounproject.com","","https://logo.clearbit.com/thenounproject.com"
"theracingapi.com-1.0.0","theracingapi.com","","https://logo.clearbit.com/theracingapi.com"
"thesmsworks.co.uk-1.8.0","thesmsworks.co.uk","","https://logo.clearbit.com/thesmsworks.co.uk"
"thetvdb.com-3.0.0","thetvdb.com","","https://logo.clearbit.com/thetvdb.com"
"ticketmaster.com-commerce-v2","ticketmaster.com","","https://logo.clearbit.com/ticketmaster.com"
"ticketmaster.com-discovery-v2","ticketmaster.com","","https://logo.clearbit.com/ticketmaster.com"
"ticketmaster.com-publish-v2","ticketmaster.com","","https://logo.clearbit.com/ticketmaster.com"
"tinyuid.com-1.0.0","tinyuid.com","","https://logo.clearbit.com/tinyuid.com"
"tisane.ai-1.0.0","tisane.ai","","https://logo.clearbit.com/tisane.ai"
"tl-api.azurewebsites.net-2020-08-10_6-22","tl-api.azurewebsites.net","","https://logo.clearbit.com/tl-api.azurewebsites.net"
"tokenjay.app-1.0.0","tokenjay.app","","https://logo.clearbit.com/tokenjay.app"
"tokenmetrics.com-1.0.0","tokenmetrics.com","","https://logo.clearbit.com/tokenmetrics.com"
"tomtom.com-maps-1.0.0","tomtom.com","","https://logo.clearbit.com/tomtom.com"
"tomtom.com-routing-1.0.0","tomtom.com","","https://logo.clearbit.com/tomtom.com"
"tomtom.com-search-1.0.0","tomtom.com","","https://logo.clearbit.com/tomtom.com"
"traccar.org-5.6","traccar.org","","https://logo.clearbit.com/traccar.org"
"tradematic.com-1.0.2","tradematic.com","","https://logo.clearbit.com/tradematic.com"
"trakt.tv-1.0.0","trakt.tv","","https://logo.clearbit.com/trakt.tv"
"transavia.com-1.0","transavia.com","","https://logo.clearbit.com/transavia.com"
"transitfeeds.com-1.0.0","transitfeeds.com","","https://logo.clearbit.com/transitfeeds.com"
"trapstreet.com-1.0.0","trapstreet.com","","https://logo.clearbit.com/trapstreet.com"
"trashnothing.com-1.3","trashnothing.com","","https://logo.clearbit.com/trashnothing.com"
"trello.com-1.0","trello.com","","https://logo.clearbit.com/trello.com"
"truanon.com-1.0.0","truanon.com","","https://logo.clearbit.com/truanon.com"
"truesight.local-11.1.00","truesight.local",,
"truora.com-1.0.0","truora.com","","https://logo.clearbit.com/truora.com"
"turbinelabs.io-1.0","turbinelabs.io","","https://logo.clearbit.com/turbinelabs.io"
"tvmaze.com-1.0","tvmaze.com","","https://logo.clearbit.com/tvmaze.com"
"twinehealth.com-v7.78.1","twinehealth.com","","https://logo.clearbit.com/twinehealth.com"
"twitter.com-current-2.62","twitter.com","","https://logo.clearbit.com/twitter.com"
"twitter.com-legacy-1.1","twitter.com","","https://logo.clearbit.com/twitter.com"
"tyk.com-1.9","tyk.com","","https://logo.clearbit.com/tyk.com"
"uebermaps.com-2.0","uebermaps.com","","https://logo.clearbit.com/uebermaps.com"
"unicourt.com-1.0.0","unicourt.com","","https://logo.clearbit.com/unicourt.com"
"up.com.au-v1","up.com.au","","https://logo.clearbit.com/up.com.au"
"urlbox.io-v1","urlbox.io","","https://logo.clearbit.com/urlbox.io"
"uscann.net-1.0","uscann.net","","https://logo.clearbit.com/uscann.net"
"useapi.net-1.0","useapi.net","","https://logo.clearbit.com/useapi.net"
"uspto.gov-bdss-1.0.0","uspto.gov","","https://logo.clearbit.com/uspto.gov"
"va.gov-benefits-1.0.0","va.gov","","https://logo.clearbit.com/va.gov"
"va.gov-confirmation-0.0.1","va.gov","","https://logo.clearbit.com/va.gov"
"va.gov-forms-0.0.0","va.gov","","https://logo.clearbit.com/va.gov"
"vatapi.com-1","vatapi.com","","https://logo.clearbit.com/vatapi.com"
"vectara.io-1.0.0","vectara.io","","https://logo.clearbit.com/vectara.io"
"velopayments.com-2.35.57","velopayments.com","","https://logo.clearbit.com/velopayments.com"
"vercel.com-0.0.1","vercel.com","","https://logo.clearbit.com/vercel.com"
"versioneye.com-v1","versioneye.com","","https://logo.clearbit.com/versioneye.com"
"vestorly.com-1.0.0","vestorly.com","","https://logo.clearbit.com/vestorly.com"
"viator.com-1.0.0","viator.com","","https://logo.clearbit.com/viator.com"
"victorops.com-0.0.3","victorops.com","","https://logo.clearbit.com/victorops.com"
"vimeo.com-3.4","vimeo.com","","https://logo.clearbit.com/vimeo.com"
"visagecloud.com-1.1","visagecloud.com","","https://logo.clearbit.com/visagecloud.com"
"visiblethread.com-1.0","visiblethread.com","","https://logo.clearbit.com/visiblethread.com"
"visma.com-1.0","visma.com","","https://logo.clearbit.com/visma.com"
"visma.net-1.0.14.784","visma.net","","https://logo.clearbit.com/visma.net"
"visma.net-9.66.02.1023","visma.net","","https://logo.clearbit.com/visma.net"
"visualcrossing.com-weather-4.6","visualcrossing.com","","https://logo.clearbit.com/visualcrossing.com"
"visualstudio.com-v1","visualstudio.com","","https://logo.clearbit.com/visualstudio.com"
"vmware.local-vrni-1.0.0","vmware.local",,
"vonage.com-account-1.11.8","vonage.com","","https://logo.clearbit.com/vonage.com"
"vonage.com-extension-1.11.8","vonage.com","","https://logo.clearbit.com/vonage.com"
"vonage.com-reports-1.0.1","vonage.com","","https://logo.clearbit.com/vonage.com"
"vonage.com-user-1.11.8","vonage.com","","https://logo.clearbit.com/vonage.com"
"vonage.com-vgis-1.0.1","vonage.com","","https://logo.clearbit.com/vonage.com"
"voodoomfg.com-2.0.0","voodoomfg.com","","https://logo.clearbit.com/voodoomfg.com"
"vtex.local-Catalog-API-1.0","vtex.local",,
"vtex.local-Catalog-API-Seller-Portal-1.0.0","vtex.local",,
"vtex.local-Checkout-API-1.0","vtex.local",,
"vtex.local-Customer-Credit-API-1.0","vtex.local",,
"vtex.local-GiftCard-Hub-API-1.0","vtex.local",,
"vtex.local-Giftcard-API-1.0","vtex.local",,
"vtex.local-Headless-CMS-API-0.31.2","vtex.local",,
"vtex.local-Intelligent-Search-API-0.1.12","vtex.local",,
"vtex.local-License-Manager-API-1.0","vtex.local",,
"vtex.local-Logistics-API-1.0","vtex.local",,
"vtex.local-Marketplace-APIs-1.0","vtex.local",,
"vtex.local-Marketplace-Protocol-1.0","vtex.local",,
"vtex.local-Master-Data-API-1.0","vtex.local",,
"vtex.local-MasterData-API-1.0","vtex.local",,
"vtex.local-Message-Center-API-1.0.0","vtex.local",,
"vtex.local-Orders-API-(PII-version)-1.0","vtex.local",,
"vtex.local-Orders-API-1.0","vtex.local",,
"vtex.local-Payments-Gateway-API-1.0","vtex.local",,
"vtex.local-Policies-System-API-1.0.0","vtex.local",,
"vtex.local-Price-Simulations-1.0","vtex.local",,
"vtex.local-Pricing-API-1.0","vtex.local",,
"vtex.local-Pricing-Hub-1.0","vtex.local",,
"vtex.local-Profile-System-1.0","vtex.local",,
"vtex.local-Promotions-1.0","vtex.local",,
"vtex.local-Recurrence-(v1-1.0","vtex.local",,
"vtex.local-Reviews-and-Ratings-API-1.0","vtex.local",,
"vtex.local-SKU-Bindings-API-1.0","vtex.local",,
"vtex.local-Search-API-1.0","vtex.local",,
"vtex.local-Session-Manager-API-1.0","vtex.local",,
"vtex.local-Subscriptions-API-(v2)-1.0","vtex.local",,
"vtex.local-Subscriptions-API-(v3)-1.0","vtex.local",,
"vtex.local-VTEX-Do-API-1.0","vtex.local",,
"vtex.local-VTEX_TEMPLATE-1.0.0","vtex.local",,
"walmart.com-inventory-1.0.0","walmart.com","","https://logo.clearbit.com/walmart.com"
"walmart.com-item-3.0.1","walmart.com","","https://logo.clearbit.com/walmart.com"
"walmart.com-order-3.0.1","walmart.com","","https://logo.clearbit.com/walmart.com"
"walmart.com-price-1.0.0","walmart.com","","https://logo.clearbit.com/walmart.com"
"watchful.li-1.0.0","watchful.li","","https://logo.clearbit.com/watchful.li"
"waterlinked.com-1.0.0","waterlinked.com","","https://logo.clearbit.com/waterlinked.com"
"wealthreader.com-1.0.0","wealthreader.com","","https://logo.clearbit.com/wealthreader.com"
"weatherbit.io-2.0.0","weatherbit.io","","https://logo.clearbit.com/weatherbit.io"
"weber-gesamtausgabe.de-1.0.0","weber-gesamtausgabe.de","","https://logo.clearbit.com/weber-gesamtausgabe.de"
"webflow.com-2023-03-23T15:40:40.000Z","webflow.com","","https://logo.clearbit.com/webflow.com"
"webscraping.ai-3.0.0","webscraping.ai","","https://logo.clearbit.com/webscraping.ai"
"wellknown.ai-1.0.0","wellknown.ai","","https://logo.clearbit.com/wellknown.ai"
"whapi.com-accounts-2.0.0","whapi.com","","https://logo.clearbit.com/whapi.com"
"whapi.com-bets-2.0.0","whapi.com","","https://logo.clearbit.com/whapi.com"
"whapi.com-locations-2.0","whapi.com","","https://logo.clearbit.com/whapi.com"
"whapi.com-numbers-2.0","whapi.com","","https://logo.clearbit.com/whapi.com"
"whapi.com-sessions-2.0.0","whapi.com","","https://logo.clearbit.com/whapi.com"
"whapi.com-sportsdata-2","whapi.com","","https://logo.clearbit.com/whapi.com"
"whatsapp.local-1.0","whatsapp.local",,
"who-hosts-this.com-0.0.1","who-hosts-this.com","","https://logo.clearbit.com/who-hosts-this.com"
"wikimedia.org-1.0.0","wikimedia.org","","https://logo.clearbit.com/wikimedia.org"
"wikipathways.org-1.0","wikipathways.org","","https://logo.clearbit.com/wikipathways.org"
"winsms.co.za-1.0.0","winsms.co.za","","https://logo.clearbit.com/winsms.co.za"
"wiremock.org-admin-2.35.0","wiremock.org","","https://logo.clearbit.com/wiremock.org"
"wmata.com-bus-realtime-1.0","wmata.com","","https://logo.clearbit.com/wmata.com"
"wmata.com-bus-route-1.0","wmata.com","","https://logo.clearbit.com/wmata.com"
"wmata.com-incidents-1.0","wmata.com","","https://logo.clearbit.com/wmata.com"
"wmata.com-rail-realtime-1.0","wmata.com","","https://logo.clearbit.com/wmata.com"
"wmata.com-rail-station-1.0","wmata.com","","https://logo.clearbit.com/wmata.com"
"wolframalpha.com-v0.1","wolframalpha.com","","https://logo.clearbit.com/wolframalpha.com"
"wordassociations.net-1.0","wordassociations.net","","https://logo.clearbit.com/wordassociations.net"
"wordnik.com-4.0","wordnik.com","","https://logo.clearbit.com/wordnik.com"
"worldtimeapi.org-20210108","worldtimeapi.org","","https://logo.clearbit.com/worldtimeapi.org"
"wowza.com-1","wowza.com","","https://logo.clearbit.com/wowza.com"
"wso2apistore.com-transform-1.0.0","wso2apistore.com","","https://logo.clearbit.com/wso2apistore.com"
"wyjyt-geo-calculate.azurewebsites.net-1.0.0","wyjyt-geo-calculate.azurewebsites.net","","https://logo.clearbit.com/wyjyt-geo-calculate.azurewebsites.net"
"xero.com-xero-identity-2.9.4","xero.com","","https://logo.clearbit.com/xero.com"
"xero.com-xero-payroll-au-2.9.4","xero.com","","https://logo.clearbit.com/xero.com"
"xero.com-xero_accounting-2.9.4","xero.com","","https://logo.clearbit.com/xero.com"
"xero.com-xero_assets-2.9.4","xero.com","","https://logo.clearbit.com/xero.com"
"xero.com-xero_bankfeeds-2.9.4","xero.com","","https://logo.clearbit.com/xero.com"
"xero.com-xero_files-2.9.4","xero.com","","https://logo.clearbit.com/xero.com"
"xkcd.com-1.0.0","xkcd.com","","https://logo.clearbit.com/xkcd.com"
"xtrf.eu-2.0","xtrf.eu","","https://logo.clearbit.com/xtrf.eu"
"yodlee.com-1.1.0","yodlee.com","","https://logo.clearbit.com/yodlee.com"
"youneedabudget.com-1.0.0","youneedabudget.com","","https://logo.clearbit.com/youneedabudget.com"
"zapier.com-nla-1.0.0","zapier.com","","https://logo.clearbit.com/zapier.com"
"zappiti.com-4.15.174","zappiti.com","","https://logo.clearbit.com/zappiti.com"
"zeit.co-v2019-01-07","zeit.co","","https://logo.clearbit.com/zeit.co"
"zeno.fm-0.6-99cfdac","zeno.fm","","https://logo.clearbit.com/zeno.fm"
"zenoti.com-1.0.0","zenoti.com","","https://logo.clearbit.com/zenoti.com"
"zoom.us-2.0.0","zoom.us","","https://logo.clearbit.com/zoom.us"
"zoomconnect.com-1","zoomconnect.com","","https://logo.clearbit.com/zoomconnect.com"
"zuora.com-2021-08-20T00:00:00.000Z","zuora.com","","https://logo.clearbit.com/zuora.com"