key,siteUrl
1forge.com-0.0.1,1forge.com
1password.com-events-1.2.0,1password.com
1password.local-connect-1.5.7,1password.local
6-dot-authentiqio.appspot.com-6,6-dot-authentiqio.appspot.com
ably.io-platform-1.1.0,ably.io
ably.net-control-1.0.14,ably.net
ably.net-control-v1,ably.net
abstractapi.com-geolocation-1.0.0,abstractapi.com
adafruit.com-2.0.0,adafruit.com
adobe.com-aem-3.7.1-pre.0,adobe.com
adyen.com-AccountService-3,adyen.com
adyen.com-AccountService-4,adyen.com
adyen.com-AccountService-5,adyen.com
adyen.com-AccountService-6,adyen.com
adyen.com-BalanceControlService-1,adyen.com
adyen.com-BalancePlatformService-1,adyen.com
adyen.com-BalancePlatformService-2,adyen.com
adyen.com-BinLookupService-40,adyen.com
adyen.com-BinLookupService-50,adyen.com
adyen.com-BinLookupService-52,adyen.com
adyen.com-BinLookupService-53,adyen.com
adyen.com-BinLookupService-54,adyen.com
adyen.com-CheckoutService-37,adyen.com
adyen.com-CheckoutService-40,adyen.com
adyen.com-CheckoutService-41,adyen.com
adyen.com-CheckoutService-46,adyen.com
adyen.com-CheckoutService-49,adyen.com
adyen.com-CheckoutService-50,adyen.com
adyen.com-CheckoutService-51,adyen.com
adyen.com-CheckoutService-52,adyen.com
adyen.com-CheckoutService-53,adyen.com
adyen.com-CheckoutService-64,adyen.com
adyen.com-CheckoutService-65,adyen.com
adyen.com-CheckoutService-66,adyen.com
adyen.com-CheckoutService-67,adyen.com
adyen.com-CheckoutService-68,adyen.com
adyen.com-CheckoutService-69,adyen.com
adyen.com-CheckoutService-70,adyen.com
adyen.com-CheckoutService-v71-71,adyen.com
adyen.com-CheckoutUtilityService-1,adyen.com
adyen.com-DataProtectionService-1,adyen.com
adyen.com-DisputeService-v30-30,adyen.com
adyen.com-FundService-3,adyen.com
adyen.com-FundService-5,adyen.com
adyen.com-FundService-6,adyen.com
adyen.com-GrantService-v3-3,adyen.com
adyen.com-HopService-1,adyen.com
adyen.com-HopService-5,adyen.com
adyen.com-HopService-6,adyen.com
adyen.com-LegalEntityService-1,adyen.com
adyen.com-LegalEntityService-2,adyen.com
adyen.com-LegalEntityService-3,adyen.com
adyen.com-ManagementService-1,adyen.com
adyen.com-ManagementService-v3-3,adyen.com
adyen.com-NotificationConfigurationService-1,adyen.com
adyen.com-NotificationConfigurationService-2,adyen.com
adyen.com-NotificationConfigurationService-3,adyen.com
adyen.com-NotificationConfigurationService-4,adyen.com
adyen.com-NotificationConfigurationService-5,adyen.com
adyen.com-NotificationConfigurationService-6,adyen.com
adyen.com-PaymentService-25,adyen.com
adyen.com-PaymentService-30,adyen.com
adyen.com-PaymentService-40,adyen.com
adyen.com-PaymentService-46,adyen.com
adyen.com-PaymentService-49,adyen.com
adyen.com-PaymentService-50,adyen.com
adyen.com-PaymentService-51,adyen.com
adyen.com-PaymentService-52,adyen.com
adyen.com-PaymentService-64,adyen.com
adyen.com-PaymentService-67,adyen.com
adyen.com-PaymentService-68,adyen.com
adyen.com-PayoutService-30,adyen.com
adyen.com-PayoutService-40,adyen.com
adyen.com-PayoutService-46,adyen.com
adyen.com-PayoutService-49,adyen.com
adyen.com-PayoutService-50,adyen.com
adyen.com-PayoutService-51,adyen.com
adyen.com-PayoutService-52,adyen.com
adyen.com-PayoutService-64,adyen.com
adyen.com-PayoutService-67,adyen.com
adyen.com-PayoutService-68,adyen.com
adyen.com-RecurringService-18,adyen.com
adyen.com-RecurringService-25,adyen.com
adyen.com-RecurringService-30,adyen.com
adyen.com-RecurringService-40,adyen.com
adyen.com-RecurringService-49,adyen.com
adyen.com-RecurringService-67,adyen.com
adyen.com-RecurringService-68,adyen.com
adyen.com-StoredValueService-46,adyen.com
adyen.com-TerminalAPI-v1-1,adyen.com
adyen.com-TestCardService-1,adyen.com
adyen.com-TfmAPIService-1,adyen.com
adyen.com-TransferService-1,adyen.com
adyen.com-TransferService-2,adyen.com
adyen.com-TransferService-3,adyen.com
adyen.com-TransferService-v4-4,adyen.com
afterbanks.com-3.0.0,afterbanks.com
agco-ats.com-v1,agco-ats.com
aiception.com-1.0.0,aiception.com
airbyte.local-config-1.0.0,airbyte.local
airport-web.appspot.com-v1,airport-web.appspot.com
akeneo.com-1.0.0,akeneo.com
alertersystem.com-1.7.0,alertersystem.com
amadeus.com-2.2.0,amadeus.com
amadeus.com-amadeus-airline-code-lookup-1.1.1,amadeus.com
amadeus.com-amadeus-airport-city-search-1.2.3,amadeus.com
amadeus.com-amadeus-airport-nearest-relevant-1.1.2,amadeus.com
amadeus.com-amadeus-airport-on-time-performance-1.0.4,amadeus.com
amadeus.com-amadeus-branded-fares-upsell-1.0.1,amadeus.com
amadeus.com-amadeus-flight-availabilities-search-1.0.2,amadeus.com
amadeus.com-amadeus-flight-busiest-traveling-period-1.0.2,amadeus.com
amadeus.com-amadeus-flight-cheapest-date-search-1.0.6,amadeus.com
amadeus.com-amadeus-flight-check-in-links-2.1.2,amadeus.com
amadeus.com-amadeus-flight-choice-prediction-2.0.2,amadeus.com
amadeus.com-amadeus-flight-create-orders-1.9.0,amadeus.com
amadeus.com-amadeus-flight-delay-prediction-1.0.6,amadeus.com
amadeus.com-amadeus-flight-inspiration-search-1.0.6,amadeus.com
amadeus.com-amadeus-flight-most-booked-destinations-1.1.1,amadeus.com
amadeus.com-amadeus-flight-most-traveled-destinations-1.1.1,amadeus.com
amadeus.com-amadeus-flight-offers-price-1.2.2,amadeus.com
amadeus.com-amadeus-flight-order-management-1.9.0,amadeus.com
amadeus.com-amadeus-flight-price-analysis-1.0.1,amadeus.com
amadeus.com-amadeus-hotel-booking-1.1.3,amadeus.com
amadeus.com-amadeus-hotel-name-autocomplete-1.0.3,amadeus.com
amadeus.com-amadeus-hotel-ratings-1.0.2,amadeus.com
amadeus.com-amadeus-hotel-search-3.0.8,amadeus.com
amadeus.com-amadeus-location-score-1.0.2,amadeus.com
amadeus.com-amadeus-on-demand-flight-status-2.0.2,amadeus.com
amadeus.com-amadeus-points-of-interest-1.1.1,amadeus.com
amadeus.com-amadeus-safe-place-1.0.0,amadeus.com
amadeus.com-amadeus-seatmap-display-1.9.2,amadeus.com
amadeus.com-amadeus-tours-and-activities-1.0.2,amadeus.com
amadeus.com-amadeus-travel-recommendations-1.0.3,amadeus.com
amadeus.com-amadeus-trip-parser-3.0.1,amadeus.com
amadeus.com-amadeus-trip-purpose-prediction-1.1.4,amadeus.com
amentum.space-atmosphere-1.1.1,amentum.space
amentum.space-aviation_radiation-1.5.0,amentum.space
amentum.space-global-magnet-1.3.0,amentum.space
amentum.space-gravity-1.1.1,amentum.space
amentum.space-space_radiation-1.1.2,amentum.space
anchore.io-0.1.20,anchore.io
apache.org-airflow-2.5.3,apache.org
apache.org-qakka-v1,apache.org
apacta.com-0.0.42,apacta.com
api.gov.uk-vehicle-enquiry-1.1.0,api.gov.uk
api.video-1,api.video
api2cart.com-1.1,api2cart.com
api2pdf.com-1.0.0,api2pdf.com
apicurio.local-registry-1.3.2.Final,apicurio.local
apicurio.local-registry-2.4.x,apicurio.local
apidapp.com-2019-02-14T16:47:01.000Z,apidapp.com
apideck.com-accounting-10.0.0,apideck.com
apideck.com-ats-10.0.0,apideck.com
apideck.com-connector-10.0.0,apideck.com
apideck.com-crm-10.0.0,apideck.com
apideck.com-customer-support-9.5.0,apideck.com
apideck.com-ecommerce-10.0.0,apideck.com
apideck.com-ecosystem-0.0.6,apideck.com
apideck.com-file-storage-10.0.0,apideck.com
apideck.com-hris-10.0.0,apideck.com
apideck.com-issue-tracking-10.0.0,apideck.com
apideck.com-lead-10.0.0,apideck.com
apideck.com-pos-10.0.0,apideck.com
apideck.com-proxy-10.0.0,apideck.com
apideck.com-sms-10.0.0,apideck.com
apideck.com-vault-10.0.0,apideck.com
apideck.com-webhook-10.0.0,apideck.com
apigee.local-registry-0.0.1,apigee.local
apigee.net-marketcheck-cars-2.01,apigee.net
apimatic.io-1.0,apimatic.io
apis.guru-2.2.0,apis.guru
apispot.io-whois-2.0,apispot.io
apiz.ebay.com-commerce-identity-v1.1.0,apiz.ebay.com
apiz.ebay.com-sell-finances-v1.15.0,apiz.ebay.com
appcenter.ms-v0.1,appcenter.ms
apple.com-app-store-connect-1.4.1,apple.com
apple.com-sirikit-cloud-media-1.0.2,apple.com
apptigent.com-2021.1.01,apptigent.com
appveyor.com-1.0.0,appveyor.com
appwrite.io-client-0.9.3,appwrite.io
appwrite.io-server-0.9.3,appwrite.io
archive.org-search-1.0.0,archive.org
archive.org-wayback-1.0.0,archive.org
arespass.net-1.0,arespass.net
art19.com-1.0.0,art19.com
asana.com-1.0,asana.com
asuarez.dev-searchly-1.0,asuarez.dev
atlassian.com-jira-1001.0.0-SNAPSHOT,atlassian.com
ato.gov.au-0.0.6,ato.gov.au
aucklandmuseum.com-2.0.0,aucklandmuseum.com
authentiq.io-1.0,authentiq.io
autotask.net-v1,autotask.net
avaza.com-v1,avaza.com
aviationdata.systems-v1,aviationdata.systems
axesso.de-1.0.0,axesso.de
balldontlie.io-1.0.0,balldontlie.io
bandsintown.com-3.0.0,bandsintown.com
bbc.co.uk-1.0.0,bbc.co.uk
bbc.com-1.0.0,bbc.com
bbci.co.uk-1.0,bbci.co.uk
bclaws.ca-bclaws-1.0.0,bclaws.ca
beanstream.com-1.0.1,beanstream.com
beezup.com-2.0,beezup.com
betfair.com-1.0.1423,betfair.com
bethmardutho.org-1.0.0,bethmardutho.org
biapi.pro-2.0,biapi.pro
bigdatacloud.net-1.0.0,bigdatacloud.net
bigoven.com-partner,bigoven.com
bigredcloud.com-v1,bigredcloud.com
bikewise.org-v2,bikewise.org
billbee.io-v1,billbee.io
billingo.hu-3.0.7,billingo.hu
bintable.com-1.0.0-oas3,bintable.com
bitbucket.org-2.0,bitbucket.org
biztoc.com-v1,biztoc.com
bkk.hu-1.0.1,bkk.hu
blazemeter.com-4,blazemeter.com
bluemix.net-containers-3.0.0,bluemix.net
botify.com-1.0.0,botify.com
botschaft.local-0.1.0,botschaft.local
box.com-2.0.0,box.com
brainbi.net-1.0.0,brainbi.net
brandlovers.com-1.0.0,brandlovers.com
braze.com-1.0.0,braze.com
breadcrumbs.one-v1,breadcrumbs.one
brex.io-2021.12,brex.io
bridgedb.org-0.9.0,bridgedb.org
britbox.co.uk-3.730.300-ref-1-39-0,britbox.co.uk
browshot.com-1.17.0,browshot.com
bufferapp.com-1,bufferapp.com
bulksms.com-1.0.0,bulksms.com
bunq.com-1.0,bunq.com
byautomata.io-1.0.1,byautomata.io
c19qrserver.local-1.1,c19qrserver.local
callcontrol.com-2015-11-01T00:00:00.000Z,callcontrol.com
callfire.com-V2,callfire.com
calorieninjas.com-1.0.0,calorieninjas.com
cambase.io-1.0,cambase.io
canada-holidays.ca-1.8.0,canada-holidays.ca
carbondoomsday.com-v1,carbondoomsday.com
carbone.io-1.2.0,carbone.io
cdcgov.local-prime-data-hub-0.2.0-oas3,cdcgov.local
cenit.io-v1,cenit.io
chain49.com-2.0,chain49.com
chaingateway.io-1.0.0,chaingateway.io
chaingateway.io-1.0,chaingateway.io
change.local-v1,change.local
channel4.com-1.0.0,channel4.com
chompthis.com-1.0.0-oas3,chompthis.com
circl.lu-hashlookup-1.2,circl.lu
circleci.com-v1,circleci.com
circuitsandbox.net-2.9.235,circuitsandbox.net
cisco.com-0.0.3,cisco.com
citrixonline.com-gotomeeting-1.0.0,citrixonline.com
citrixonline.com-scim-N-A,citrixonline.com
citycontext.com-1.0.0,citycontext.com
clarify.io-1.3.7,clarify.io
clearblade.com-3.0,clearblade.com
clever-cloud.com-1.0.0,clever-cloud.com
clever.com-1.2.0,clever.com
clickmeter.com-v2,clickmeter.com
clicksend.com-1.0.0,clicksend.com
clickup.com-1.0.0,clickup.com
climate.com-4.0.11,climate.com
climatekuul.com-1.0,climatekuul.com
cloud-elements.com-ecwid-api-v2,cloud-elements.com
cloudmersive.com-ocr-v1,cloudmersive.com
cloudrf.com-2.0.0,cloudrf.com
clubhouseapi.com-1,clubhouseapi.com
cnab-online.herokuapp.com-1.0.0,cnab-online.herokuapp.com
code-scan.com-1.0.0,code-scan.com
codesearch.debian.net-1.4.0,codesearch.debian.net
collegefootballdata.com-4.4.12,collegefootballdata.com
color.pizza-1.0.0,color.pizza
combell.com-v2,combell.com
configcat.com-v1,configcat.com
conjur.local-5.3.0,conjur.local
consumerfinance.gov-1.0,consumerfinance.gov
contentgroove.com-1.0.0,contentgroove.com
contract-p.fit-1.0,contract-p.fit
contribly.com-1.0.0,contribly.com
core.ac.uk-2.0,core.ac.uk
corrently.io-2.0.0,corrently.io
cowin.gov.cin-cowincert-1.0.0,cowin.gov.cin
cpy.re-peertube-5.1.0,cpy.re
crossbrowsertesting.com-3.0.0,crossbrowsertesting.com
crucible.local-1.0.0,crucible.local
currencytick.com-1.0.0,currencytick.com
cybertaxonomy.eu-1.0,cybertaxonomy.eu
cycat.org-0.9,cycat.org
d7networks.com-1.0.2,d7networks.com
daniweb.com-4,daniweb.com
data.gov-3.0,data.gov
data2crm.com-1,data2crm.com
dataatwork.org-1.0,dataatwork.org
dataflowkit.com-1.3,dataflowkit.com
datasette.local-v1,datasette.local
datumbox.com-1.0,datumbox.com
deeparteffects.com-2017-02-10T16:24:46.000Z,deeparteffects.com
departureboard.io-2.0,departureboard.io
deutschebahn.com-betriebsstellen-v1,deutschebahn.com
deutschebahn.com-fahrplan-v1,deutschebahn.com
deutschebahn.com-fasta-2.1,deutschebahn.com
deutschebahn.com-flinkster-v1,deutschebahn.com
deutschebahn.com-reisezentren-v1,deutschebahn.com
deutschebahn.com-stada-2.2.01,deutschebahn.com
dev.to-1.0.0,dev.to
dev.to-chatgpt-v1,dev.to
digitallinguistics.io-0.3.1,digitallinguistics.io
digitallocker.gov.in-authpartner-1.0.0,digitallocker.gov.in
digitalnz.org-3,digitalnz.org
digitalocean.com-2.0,digitalocean.com
discourse.local-latest,discourse.local
dnd5eapi.co-0.1,dnd5eapi.co
docker.com-dvp-1.0.0,docker.com
docker.com-engine-1.33,docker.com
docker.com-hub-beta,docker.com
docusign.net-v2.1,docusign.net
dodo.ac-1.6.0,dodo.ac
domainsdb.info-1.0,domainsdb.info
doqs.dev-1.0,doqs.dev
dracoon.team-4.42.3,dracoon.team
drchrono.com-v4 (Hunt Valley),drchrono.com
dropx.io-1.0.0,dropx.io
dweet.io-2.0,dweet.io
e-conomic.com-v20.0.0,e-conomic.com
ean-search.org-1.50.0,ean-search.org
easypdfserver.com-1,easypdfserver.com
ebay.com-buy-browse-v1.1.0,ebay.com
ebay.com-buy-deal-v1.3.0,ebay.com
ebay.com-buy-feed-v1_beta.34.0,ebay.com
ebay.com-buy-marketing-v1_beta.2.0,ebay.com
ebay.com-commerce-catalog-v1_beta.5.0,ebay.com
ebay.com-commerce-charity-v1.2.1,ebay.com
ebay.com-commerce-taxonomy-v1.0.0,ebay.com
ebay.com-commerce-translation-1,ebay.com
ebay.com-developer-analytics-v1_beta.0.0,ebay.com
ebay.com-sell-account-v1.9.0,ebay.com
ebay.com-sell-analytics-1.2.0,ebay.com
ebay.com-sell-compliance-1.4.1,ebay.com
ebay.com-sell-feed-v1.3.1,ebay.com
ebay.com-sell-fulfillment-v1.20.0,ebay.com
ebay.com-sell-listing-v1_beta.3.0,ebay.com
ebay.com-sell-logistics-v1_beta.0.0,ebay.com
ebay.com-sell-marketing-v1.15.0,ebay.com
ebay.com-sell-metadata-v1.6.0,ebay.com
ebay.com-sell-negotiation-v1.1.0,ebay.com
ebay.com-sell-recommendation-1.1.0,ebay.com
ebi.ac.uk-1.0,ebi.ac.uk
edrv.io-v1,edrv.io
enode.io-1.3.10,enode.io
envoice.in-v1,envoice.in
eos.local-1.0.0,eos.local
epa.gov-air-2019.10.15,epa.gov
epa.gov-case-1.0.0,epa.gov
epa.gov-cwa-2019.10.15,epa.gov
epa.gov-dfr-0.0.0,epa.gov
epa.gov-echo-2019.10.15,epa.gov
epa.gov-eff-2019.10.15,epa.gov
epa.gov-rcra-2019.10.15,epa.gov
epa.gov-sdw-2019.10.15,epa.gov
esgenterprise.com-1.0.0,esgenterprise.com
etherpad.local-1.2.15,etherpad.local
etmdb.com-1.0.0,etmdb.com
etsi.local-MEC010-2_AppPkgMgmt-2.1.1,etsi.local
europeana.eu-version unknown,europeana.eu
evemarketer.com-1.0.1,evemarketer.com
exavault.com-2.0,exavault.com
exchangerate-api.com-4,exchangerate-api.com
exhibitday.com-v1,exhibitday.com
exlibrisgroup.com-tasklists-1.0,exlibrisgroup.com
exoapi.dev-1.0.0,exoapi.dev
extendsclass.com-json-storage-0.1,extendsclass.com
extpose.com-1.0.0,extpose.com
exude-api.herokuapp.com-1.0.0,exude-api.herokuapp.com
faceidentity-beta.azurewebsites.net-1.0,faceidentity-beta.azurewebsites.net
faretrotter.com-2.0,faretrotter.com
fec.gov-1.0,fec.gov
fecru.local-1.0.0,fecru.local
figshare.com-2.0.0,figshare.com
files.com-0.0.1,files.com
fire.com-1.0,fire.com
firebrowse.org-1.1.38 (2018-02-26 11:01:29 484103261f6ef681a05cf163),firebrowse.org
firmalyzer.com-iotvas-1.0,firmalyzer.com
fisheye.local-1.0.0,fisheye.local
flat.io-2.13.0,flat.io
flickr.com-1.0.0,flickr.com
formapi.io-v1,formapi.io
frankiefinancial.io-1.5.3,frankiefinancial.io
fraudlabspro.com-fraud-detection-1.1,fraudlabspro.com
fraudlabspro.com-sms-verification-1.0,fraudlabspro.com
freesound.org-2.0.0,freesound.org
freetv-app.com-v1,freetv-app.com
fulfillment.com-2.0,fulfillment.com
fungenerators.com-barcode-1.5,fungenerators.com
fungenerators.com-fake-identity-1.5,fungenerators.com
fungenerators.com-lottery-1.5,fungenerators.com
fungenerators.com-namegen-1.5,fungenerators.com
fungenerators.com-pirate-1.5,fungenerators.com
fungenerators.com-qrcode-1.5,fungenerators.com
fungenerators.com-random-facts-1.5,fungenerators.com
fungenerators.com-riddle-1.5,fungenerators.com
fungenerators.com-shakespeare-1.5,fungenerators.com
fungenerators.com-taunt-1.5,fungenerators.com
fungenerators.com-trivia-1.5,fungenerators.com
fungenerators.com-uuid-1.5,fungenerators.com
funtranslations.com-braile-2.3,funtranslations.com
funtranslations.com-index-2.3,funtranslations.com
funtranslations.com-starwars-2.3,funtranslations.com
furkot.com-1.0.0,furkot.com
gambitcomm.local-mimic-21.00,gambitcomm.local
gamesparks.net-game-details-v2,gamesparks.net
geneea.com-1.0,geneea.com
geodatasource.com-1.0,geodatasource.com
geodesystems.com-1.0.0,geodesystems.com
gerermesaffaires.com-1.0.6,gerermesaffaires.com
getgo.com-gototraining-1.0.0,getgo.com
getgo.com-gotowebinar-1.0.0,getgo.com
getpostman.com-1.20.0,getpostman.com
getsandbox.com-v1,getsandbox.com
getthedata.com-bng2latlong-1.0,getthedata.com
giphy.com-1.0,giphy.com
gisgraphy.com-4.0.0,gisgraphy.com
gitea.io-1.20.0+dev-539-g5e389228f,gitea.io
gitlab.com-v3,gitlab.com
globalwinescore.com-8234aab51481d37a30757d925b7f4221a659427e,globalwinescore.com
go-upc.com-1.0.0,go-upc.com
gov.bc.ca-bcdc-3.0.1,gov.bc.ca
gov.bc.ca-bcgnws-3.x.x,gov.bc.ca
gov.bc.ca-geocoder-2.0.0,gov.bc.ca
gov.bc.ca-geomark-4.1.2,gov.bc.ca
gov.bc.ca-gwells-v1,gov.bc.ca
gov.bc.ca-jobposting-1.0.0,gov.bc.ca
gov.bc.ca-news-1.0,gov.bc.ca
gov.bc.ca-open511-1.0.0,gov.bc.ca
gov.bc.ca-router-2.0.0,gov.bc.ca
graphhopper.com-1.0.0,graphhopper.com
greenpeace.org-1.0.0,greenpeace.org
greip.io-1.0.0,greip.io
groundhog-day.com-1.2.1,groundhog-day.com
gsa.gov-0.1,gsa.gov
hackathonwatch.com-0.1,hackathonwatch.com
haloapi.com-metadata-1.0,haloapi.com
haloapi.com-profile-1.0,haloapi.com
haloapi.com-stats-1.0,haloapi.com
haloapi.com-ugc-1.0,haloapi.com
handwrytten.com-1.0.0,handwrytten.com
healthcare.gov-1.0.0,healthcare.gov
here.com-positioning-2.1.1,here.com
here.com-tracking-2.1.192,here.com
hetras-certification.net-booking-v0,hetras-certification.net
hetras-certification.net-hotel-v0,hetras-certification.net
hetzner.cloud-1.0.0,hetzner.cloud
hhs.gov-2,hhs.gov
highwaysengland.co.uk-v1,highwaysengland.co.uk
hillbillysoftware.com-shinobi-v1,hillbillysoftware.com
hsbc.com-atm-2.2.1,hsbc.com
hsbc.com-branches-2.2.1,hsbc.com
hsbc.com-product-2.2.1,hsbc.com
httpbin.org-0.9.2,httpbin.org
hubapi.com-analytics-v3,hubapi.com
hubapi.com-auth-v1,hubapi.com
hubapi.com-automation-v4,hubapi.com
hubapi.com-business units-v3,hubapi.com
hubapi.com-cms-v3,hubapi.com
hubapi.com-communication-preferences-v3,hubapi.com
hubapi.com-conversations-v3,hubapi.com
hubapi.com-crm-v3,hubapi.com
hubapi.com-events-v3,hubapi.com
hubapi.com-files-v3,hubapi.com
hubapi.com-marketing-v3,hubapi.com
hubapi.com-webhooks-v3,hubapi.com
hubhopper.com-v5,hubhopper.com
hydramovies.com-1.1,hydramovies.com
ibanapi.com-1.0.0,ibanapi.com
icons8.com-1.0.0,icons8.com
id4i.de-1.0.2,id4i.de
ideaconsult.net-enanomapper-4.0.0,ideaconsult.net
ideaconsult.net-nanoreg-4.0.0,ideaconsult.net
ideal-postcodes.co.uk-3.7.0,ideal-postcodes.co.uk
idtbeyond.com-1.1.7,idtbeyond.com
ijenko.net-3.0.0,ijenko.net
illumidesk.com-1.0,illumidesk.com
image-charts.com-6.1.19,image-charts.com
impala.travel-hotels-1.003,impala.travel
import.io-data-1.0,import.io
import.io-extraction-1.0,import.io
import.io-rss-1.0,import.io
import.io-run-1.0,import.io
import.io-schedule-1.0,import.io
inboxroute.com-0.9,inboxroute.com
increase.com-0.0.1,increase.com
infermedica.com-v2,infermedica.com
influxdata.com-2.0.0,influxdata.com
inpe.br-dados-abertos-1.0,inpe.br
instagram.com-1.0.0,instagram.com
intel.com-product-catalogue-0.1.0,intel.com
intellifi.nl-2.23.4+0.gb463b49.dirty,intellifi.nl
interactivebrokers.com-1.0.0,interactivebrokers.com
interzoid.com-convertcurrency-1.0.0,interzoid.com
interzoid.com-getaddressmatch-1.0.0,interzoid.com
interzoid.com-getareacodefromnumber-1.0.0,interzoid.com
interzoid.com-getcitymatch-1.0.0,interzoid.com
interzoid.com-getcitystandard-1.0.0,interzoid.com
interzoid.com-getcompanymatch-1.0.0,interzoid.com
interzoid.com-getcountrymatch-1.0.0,interzoid.com
interzoid.com-getcountrystandard-1.0.0,interzoid.com
interzoid.com-getcurrencyrate-1.0.0,interzoid.com
interzoid.com-getemailinfo-1.0.0,interzoid.com
interzoid.com-getfullnamematch-1.0.0,interzoid.com
interzoid.com-getfullnameparsedmatch-1.0.0,interzoid.com
interzoid.com-getglobalnumberinfo-1.0.0,interzoid.com
interzoid.com-getglobaltime-1.0.0,interzoid.com
interzoid.com-getstateabbreviation-1.0.0,interzoid.com
interzoid.com-getweathercity-1.0.0,interzoid.com
interzoid.com-getweatherzip-1.0.0,interzoid.com
interzoid.com-getzipinfo-1.0.0,interzoid.com
interzoid.com-globalpageload-1.0.0,interzoid.com
interzoid.com-lookupareacode-1.0.0,interzoid.com
ip2location.com-geolocation-1.0,ip2location.com
ip2location.io-1.0,ip2location.io
ip2proxy.com-1.0,ip2proxy.com
ip2whois.com-1.0,ip2whois.com
ipqualityscore.com-1.0.0,ipqualityscore.com
iqualify.com-v1,iqualify.com
isbndb.com-1.0.1,isbndb.com
isendpro.com-1.1.1,isendpro.com
iva-api.com-2.0,iva-api.com
ix-api.net-2.1.0,ix-api.net
izettle.com-products-1.0.0,izettle.com
javatpoint.com-v1,javatpoint.com
jellyfin.local-v1,jellyfin.local
jira.local-1.0.0,jira.local
jirafe.com-2.0.0,jirafe.com
jokes.one-1.1,jokes.one
journy.io-1.0.0,journy.io
json2video.com-2.0.0,json2video.com
jumpseller.com-1.0.0,jumpseller.com
just-eat.co.uk-1.0.0,just-eat.co.uk
keycloak.local-1,keycloak.local
keyserv.solutions-1.4.5,keyserv.solutions
klarna.com-1.0.0,klarna.com
klarna.com-openai-v0,klarna.com
koomalooma.com-1.0,koomalooma.com
kubernetes.io-unversioned,kubernetes.io
kubernetes.io-v1.10.0,kubernetes.io
kumpeapps.com-5.0.0,kumpeapps.com
lambdatest.com-1.0.1,lambdatest.com
landregistry.gov.uk-deed-1.0.0,landregistry.gov.uk
languagetool.org-1.1.2,languagetool.org
launchdarkly.com-5.3.0,launchdarkly.com
learnifier.com-1.1.0,learnifier.com
letmc.com-basic-tier-v2-basic-tier,letmc.com
letmc.com-customer-v2-customer,letmc.com
letmc.com-diary-v3-diary,letmc.com
letmc.com-free-tier-v2-free-tier,letmc.com
letmc.com-maintenance-v3-maintenance,letmc.com
letmc.com-reporting-v3-reporting,letmc.com
lgtm.com-v1.0,lgtm.com
libretranslate.local-1.3.10,libretranslate.local
link.fish-2018-07-05T00:00:00.000Z,link.fish
linode.com-4.151.1,linode.com
linqr.app-2.0,linqr.app
linuxfoundation.org-reimbursement-1.0,linuxfoundation.org
listennotes.com-2.0,listennotes.com
ljaero.com-dflight-V 1.0.0,ljaero.com
logoraisr.com-v1,logoraisr.com
loket.nl-V2,loket.nl
lotadata.com-2.0.0,lotadata.com
lufthansa.com-partner-1.0,lufthansa.com
lufthansa.com-public-1.0,lufthansa.com
lumminary.com-1.0,lumminary.com
lyft.com-1.0.0,lyft.com
magento.com-2.2.10,magento.com
magick.nu-1.0,magick.nu
maif.local-otoroshi-1.5.0-dev,maif.local
mailboxvalidator.com-checker-1.0.0,mailboxvalidator.com
mailboxvalidator.com-disposable-1.0.0,mailboxvalidator.com
mailboxvalidator.com-validation-0.1,mailboxvalidator.com
mailchimp.com-3.0.55,mailchimp.com
mailscript.com-0.4.0,mailscript.com
mandrillapp.com-1.0,mandrillapp.com
mashape.com-geodb-1.0.0,mashape.com
mastercard.com-BINTableResource-1.0,mastercard.com
mastercard.com-BillPay-1.0,mastercard.com
mastercard.com-CurrencyConversionCalculator-1.0.0,mastercard.com
mastercard.com-Locations-1.0.0,mastercard.com
mastercard.com-MATCH-1.0.0,mastercard.com
mastercard.com-MAWS-1.1.0,mastercard.com
mastercard.com-MDES-2.0.7,mastercard.com
mastercard.com-MerchantIdentifier-2.0.0,mastercard.com
mastercard.com-PaymentAccountReferenceInquiryAPI-1.1,mastercard.com
mastercard.com-PersonalizedLoyaltyOffers-1.3,mastercard.com
mastercard.com-Repower-V2,mastercard.com
mastercard.com-SpendingPulse-1.0,mastercard.com
mastercard.com-masterpassqr-V1,mastercard.com
mastercard.com-open-banking-connect-pis-1.16.0,mastercard.com
mastodon.local-1.0,mastodon.local
math.tools-1.5,math.tools
mbus.local-0.3.5,mbus.local
mcw.edu-1.1,mcw.edu
medcorder.com-1.0.0,medcorder.com
medium.com-1.0,medium.com
meilisearch.com-1.0.0,meilisearch.com
meraki.com-0.0.0-streaming,meraki.com
meraki.com-1.32.0,meraki.com
mercedes-benz.com-configurator-1.0,mercedes-benz.com
mercedes-benz.com-dealer-1.0,mercedes-benz.com
mercedes-benz.com-diagnostics-1.0,mercedes-benz.com
mercedes-benz.com-image-1.0,mercedes-benz.com
mercure.local-0.3.2,mercure.local
mermade.org.uk-openapi-converter-1.0.0,mermade.org.uk
meshery.local-0.4.27,meshery.local
metadapi.com-1.0,metadapi.com
meteosource.com-v1,meteosource.com
miataru.com-1.0.0,miataru.com
microcks.local-1.7.0,microcks.local
mineskin.org-1.0.0,mineskin.org
mist.com-0.37.7,mist.com
modelpubsub.com-0.1,modelpubsub.com
moderatecontent.com-1.0.0,moderatecontent.com
mon-voyage-pas-cher.com-0.0.1,mon-voyage-pas-cher.com
monarchinitiative.org-1.1.14,monarchinitiative.org
moonmoonmoonmoon.com-1.0,moonmoonmoonmoon.com
motaword.com-1.0,motaword.com
mozilla.com-kinto-1.22,mozilla.com
mtaa-api.herokuapp.com-1.0,mtaa-api.herokuapp.com
musixmatch.com-1.1.0,musixmatch.com
mux.com-v1,mux.com
n-auth.com-2.2,n-auth.com
namsor.com-2.0.24,namsor.com
nasa.gov-apod-1.0.0,nasa.gov
nasa.gov-asteroids neows-3.4.0,nasa.gov
nativeads.com-1.0.0,nativeads.com
naviplancentral.com-factfinder-v1,naviplancentral.com
naviplancentral.com-plan-v1,naviplancentral.com
nba.com-version,nba.com
nbg.gr-v3.1.5,nbg.gr
ndhm.gov.in-ndhm-cm-0.5,ndhm.gov.in
ndhm.gov.in-ndhm-gateway-0.5,ndhm.gov.in
ndhm.gov.in-ndhm-healthid-1.0,ndhm.gov.in
ndhm.gov.in-ndhm-hip-0.5,ndhm.gov.in
ndhm.gov.in-ndhm-hiu-0.5,ndhm.gov.in
nebl.io-1.3.0,nebl.io
neowsapp.com-1.0,neowsapp.com
netatmo.net-1.1.5,netatmo.net
netbox.dev-3.4,netbox.dev
netboxdemo.com-2.4,netboxdemo.com
netboxdemo.com-2.8,netboxdemo.com
netlicensing.io-2.x,netlicensing.io
netlify.com-2.16.0,netlify.com
neutrinoapi.net-3.6.4,neutrinoapi.net
nexmo.com-account-1.0.4,nexmo.com
nexmo.com-application-1.0.2,nexmo.com
nexmo.com-application.v2-2.1.4,nexmo.com
nexmo.com-audit-1.0.4,nexmo.com
nexmo.com-conversation-2.0.1,nexmo.com
nexmo.com-conversation.v2-1.0.1,nexmo.com
nexmo.com-conversion-1.0.1,nexmo.com
nexmo.com-dispatch-0.3.4,nexmo.com
nexmo.com-external-accounts-0.1.5,nexmo.com
nexmo.com-media-1.0.2,nexmo.com
nexmo.com-messages-olympus-1.4.0,nexmo.com
nexmo.com-number-insight-1.2.1,nexmo.com
nexmo.com-numbers-1.0.20,nexmo.com
nexmo.com-pricing-0.0.3,nexmo.com
nexmo.com-redact-1.0.6,nexmo.com
nexmo.com-reports-2.2.2,nexmo.com
nexmo.com-sms-1.2.0,nexmo.com
nexmo.com-subaccounts-1.0.8,nexmo.com
nexmo.com-verify-1.2.4,nexmo.com
nexmo.com-voice-1.3.10,nexmo.com
nfusionsolutions.biz-1,nfusionsolutions.biz
noosh.com-1.0,noosh.com
nordigen.com-2.0 (v2),nordigen.com
notion.com-1.0.0,notion.com
nowpayments.io-1.0.0,nowpayments.io
npr.org-authorization-2,npr.org
npr.org-identity-2,npr.org
npr.org-listening-2,npr.org
npr.org-sponsorship-2,npr.org
npr.org-station-finder-3,npr.org
nrel.gov-building-case-studies-1.0,nrel.gov
nrel.gov-transportation-incentives-laws-0.1.0,nrel.gov
nrm.se-georg-2.1,nrm.se
nsidc.org-1.0.0,nsidc.org
ntropy.network-1.0.0,ntropy.network
nytimes.com-archive-1.0.0,nytimes.com
nytimes.com-article_search-1.0.0,nytimes.com
nytimes.com-books_api-3.0.0,nytimes.com
nytimes.com-community-3.0.0,nytimes.com
nytimes.com-geo_api-1.0.0,nytimes.com
nytimes.com-most_popular_api-2.0.0,nytimes.com
nytimes.com-movie_reviews-2.0.0,nytimes.com
nytimes.com-semantic_api-2.0.0,nytimes.com
nytimes.com-times_tags-1.0.0,nytimes.com
nytimes.com-timeswire-3.0.0,nytimes.com
nytimes.com-top_stories-2.0.0,nytimes.com
o2.cz-mobility-1.2.0,o2.cz
o2.cz-sociodemo-1.2.0,o2.cz
obono.at-1.4.0.0,obono.at
oceandrivers.com-1.0,oceandrivers.com
okta.local-1.0.0,okta.local
omdbapi.com-1,omdbapi.com
onsched.com-consumer-v1,onsched.com
onsched.com-setup-v1,onsched.com
onsched.com-utility-v1,onsched.com
openai.com-1.2.0,openai.com
openalpr.com-3.0.1,openalpr.com
openapi-generator.tech-6.5.0,openapi-generator.tech
openapi.space-1.0.0,openapi.space
openaq.local-2.0.0,openaq.local
openbanking.org.uk-account-info-openapi-3.1.7,openbanking.org.uk
openbanking.org.uk-confirmation-funds-openapi-3.1.7,openbanking.org.uk
openbanking.org.uk-event-notifications-openapi-3.1.7,openbanking.org.uk
openbanking.org.uk-payment-initiation-openapi-3.1.7,openbanking.org.uk
openbanking.org.uk-v1.3,openbanking.org.uk
openbankingproject.ch-1.3.8_2020-12-14 - Swiss edition 1.3.8.1-CH,openbankingproject.ch
opencagedata.com-1,opencagedata.com
openchannel.io-market-2.0.24,openchannel.io
opendatanetwork.com-1.0.0,opendatanetwork.com
opendatasoft.com-2.1.0,opendatasoft.com
openfigi.com-1.4.0,openfigi.com
openfintech.io-2017-08-24T00:00:00.000Z,openfintech.io
openindex.ai-1.0.0,openindex.ai
openlinksw.com-osdb-1.0.0,openlinksw.com
openpolicy.local-0.28.0,openpolicy.local
openstf.io-2.3.0,openstf.io
opensuse.org-obs-2.10.50,opensuse.org
opentargets.io-19.02.1,opentargets.io
opentrials.local-0.0.1,opentrials.local
openuv.io-v1,openuv.io
optimade.local-1.1.0~develop,optimade.local
opto22.com-groov-R4.2a,opto22.com
opto22.com-pac-R1.0a,opto22.com
orbit.love-v1,orbit.love
orghunter.com-1.0.0,orghunter.com
ornl.gov-daymet-1.0.2,ornl.gov
orthanc-server.com-1.12.0,orthanc-server.com
osf.io-2.0,osf.io
osisoft.com-1.11.1.5383,osisoft.com
ote-godaddy.com-abuse-1.0.0,ote-godaddy.com
ote-godaddy.com-aftermarket-1.0.0,ote-godaddy.com
ote-godaddy.com-agreements-1.0.0,ote-godaddy.com
ote-godaddy.com-certificates-1.0.0,ote-godaddy.com
ote-godaddy.com-countries-1.0.0,ote-godaddy.com
ote-godaddy.com-domains-1.0.0,ote-godaddy.com
ote-godaddy.com-orders-1.0.0,ote-godaddy.com
ote-godaddy.com-shoppers-1.0.0,ote-godaddy.com
ote-godaddy.com-subscriptions-1.0.0,ote-godaddy.com
owler.com-1.0.0,owler.com
oxforddictionaries.com-1.11.0,oxforddictionaries.com
pandascore.co-2.23.1,pandascore.co
pandorabots.com-1.0.0,pandorabots.com
papinet.io-order_status-1.0.0,papinet.io
parliament.uk-bills-v1,parliament.uk
parliament.uk-commonsvotes-v1,parliament.uk
parliament.uk-oralquestions-v1,parliament.uk
parliament.uk-search-Live,parliament.uk
passwordutility.net-v1,passwordutility.net
patientview.org-1.0,patientview.org
patrowl.local-1.0.0,patrowl.local
pay1.de-link-v1,pay1.de
paylocity.com-2,paylocity.com
payments.service.gov.uk-payments-1.0.3,payments.service.gov.uk
paypi.dev-1.0.0,paypi.dev
payrun.io-23.24.2.136,payrun.io
pdfblocks.com-1.5.0,pdfblocks.com
pdfgeneratorapi.com-3.1.1,pdfgeneratorapi.com
peel-ci.com-1.0.0,peel-ci.com
pendo.io-1.0.0,pendo.io
peoplefinderspro.com-1.0.0,peoplefinderspro.com
peoplegeneratorapi.live-v0,peoplegeneratorapi.live
personio.de-authentication-1.0,personio.de
personio.de-personnel-1.0,personio.de
phantauth.net-1.0.0,phantauth.net
phila.gov-pollingplaces-1.0,phila.gov
pims.io-1.0,pims.io
pinecone.io-20230406.1,pinecone.io
placekit.co-1.0.0,placekit.co
pocketsmith.com-2.0,pocketsmith.com
poemist.com-1.0,poemist.com
polygon.io-1.0.0,polygon.io
portfoliooptimizer.io-1.0.9,portfoliooptimizer.io
postmarkapp.com-account-0.9.0,postmarkapp.com
postmarkapp.com-server-1.0.0,postmarkapp.com
powerdns.local-0.0.13,powerdns.local
presalytics.io-converter-0.1,presalytics.io
presalytics.io-story-0.3.1,presalytics.io
pressassociation.io-2.0,pressassociation.io
probely.com-1.2.0,probely.com
ptv.vic.gov.au-v3,ptv.vic.gov.au
qualpay.com-1.7.0,qualpay.com
qualtrics.com-0.2,qualtrics.com
quarantine.country-1.0,quarantine.country
quickchart.io-1.0.0,quickchart.io
quicksold.co.uk-location-1.0,quicksold.co.uk
quotes.rest-5.1,quotes.rest
randomlovecraft.com-1.0,randomlovecraft.com
rapidapi.com-1.0.0,rapidapi.com
rapidapi.com-dynamicdocs-1.0,rapidapi.com
rapidapi.com-ecowetter-1.0.0,rapidapi.com
rapidapi.com-football-prediction-2,rapidapi.com
rapidapi.com-idealspot-geodata-1.0,rapidapi.com
rapidapi.com-language-identification-1.0.0,rapidapi.com
rapidapi.com-spellcheckpro-1.0.0,rapidapi.com
rawg.io-v1.0,rawg.io
rbaskets.in-1.0.0,rbaskets.in
readme.io-2.0.0,readme.io
rebilly.com-2.1,rebilly.com
redeal.io-analytics-1.0.0,redeal.io
redhat.com-catalog_inventory-1.0.0,redhat.com
redhat.local-patchman-engine-v1.15.3,redhat.local
redirection.io-1.1.0,redirection.io
refugerestrooms.org-0.0.1,refugerestrooms.org
regcheck.org.uk-1.0.0,regcheck.org.uk
reloadly.com-1.0.0,reloadly.com
remove.bg-1.0.0,remove.bg
rentcast.io-1.0,rentcast.io
restful4up.local-1.0.0,restful4up.local
rev.ai-v1,rev.ai
reverb.com-3.0,reverb.com
reversepp.com-1.0,reversepp.com
ritc.io-1.0.0,ritc.io
ritekit.com-1.0.0,ritekit.com
roaring.io-1.0,roaring.io
rottentomatoes.com-1.0,rottentomatoes.com
royalmail.com-click-and-drop-1.0.0,royalmail.com
rubrikinc.github.io-v1,rubrikinc.github.io
rudder.example.local-17,rudder.example.local
rumble.run-2.15.0,rumble.run
runscope.com-1.0.0,runscope.com
sakari.io-1.0.1,sakari.io
salesforce.local-einstein-2.0.1,salesforce.local
salesloft.com-v2,salesloft.com
schooldigger.com-v1,schooldigger.com
schooldigger.com-v2.0,schooldigger.com
scideas.net-perfectpdf-1.0,scideas.net
scideas.net-regression-1.0,scideas.net
scrapewebsite.email-0.1,scrapewebsite.email
seldon.local-engine-0.1,seldon.local
seldon.local-wrapper-0.1,seldon.local
selectpdf.com-1.0.0,selectpdf.com
semantria.com-4.0,semantria.com
sendgrid.com-1.0.0,sendgrid.com
setlist.fm-1.0,setlist.fm
sheerseo.com-0.0.1,sheerseo.com
sheetlabs.com-rig-veda-1.2,sheetlabs.com
sheetlabs.com-vedic-society-1.2,sheetlabs.com
shipengine.com-1.1.202304191404,shipengine.com
shipstation.com-1.0.0,shipstation.com
shop-pro.jp-1.0.0,shop-pro.jp
shop.app-v1,shop.app
shorten.rest-1.0.0,shorten.rest
shotstack.io-v1,shotstack.io
shutterstock.com-1.1.32,shutterstock.com
signl4.com-v1,signl4.com
sinao.app-1.1.0,sinao.app
skynewz-api-fortnite.herokuapp.com-3.1.5,skynewz-api-fortnite.herokuapp.com
slack.com-1.7.0,slack.com
slack.com-openai-v1,slack.com
slicebox.local-2.0,slicebox.local
slideroom.com-v2,slideroom.com
slmonitor.com-2.1,slmonitor.com
smart-me.com-v1,smart-me.com
sms77.io-1.0.0,sms77.io
snyk.io-1.0.0,snyk.io
solarvps.com-1.0.0,solarvps.com
sonar.trading-1.0,sonar.trading
soundcloud.com-1.0.0,soundcloud.com
spacetraders.io-2.0.0,spacetraders.io
spectrocoin.com-1.0.0,spectrocoin.com
spinbot.net-1.0,spinbot.net
spinitron.com-1.0.0,spinitron.com
spoonacular.com-1.1,spoonacular.com
sportsdata.io-cbb-v3-scores-1.0,sportsdata.io
sportsdata.io-cbb-v3-stats-1.0,sportsdata.io
sportsdata.io-cfb-v3-scores-1.0,sportsdata.io
sportsdata.io-csgo-v3-scores-1.0,sportsdata.io
sportsdata.io-csgo-v3-stats-1.0,sportsdata.io
sportsdata.io-golf-v2-1.0,sportsdata.io
sportsdata.io-lol-v3-projections-1.0,sportsdata.io
sportsdata.io-lol-v3-scores-1.0,sportsdata.io
sportsdata.io-lol-v3-stats-1.0,sportsdata.io
sportsdata.io-mlb-v3-play-by-play-1.0,sportsdata.io
sportsdata.io-mlb-v3-projections-1.0,sportsdata.io
sportsdata.io-mlb-v3-rotoballer-articles-1.0,sportsdata.io
sportsdata.io-mlb-v3-rotoballer-premium-news-1.0,sportsdata.io
sportsdata.io-mlb-v3-scores-1.0,sportsdata.io
sportsdata.io-mlb-v3-stats-1.0,sportsdata.io
sportsdata.io-nascar-v2-1.0,sportsdata.io
sportsdata.io-nba-v3-play-by-play-1.0,sportsdata.io
sportsdata.io-nba-v3-projections-1.0,sportsdata.io
sportsdata.io-nba-v3-rotoballer-articles-1.0,sportsdata.io
sportsdata.io-nba-v3-rotoballer-premium-news-1.0,sportsdata.io
sportsdata.io-nba-v3-scores-1.0,sportsdata.io
sportsdata.io-nba-v3-stats-1.0,sportsdata.io
sportsdata.io-nfl-v3-play-by-play-1.0,sportsdata.io
sportsdata.io-nfl-v3-projections-1.0,sportsdata.io
sportsdata.io-nfl-v3-rotoballer-articles-1.0,sportsdata.io
sportsdata.io-nfl-v3-rotoballer-premium-news-1.0,sportsdata.io
sportsdata.io-nfl-v3-scores-1.0,sportsdata.io
sportsdata.io-nfl-v3-stats-1.0,sportsdata.io
sportsdata.io-nhl-v3-play-by-play-1.0,sportsdata.io
sportsdata.io-nhl-v3-projections-1.0,sportsdata.io
sportsdata.io-nhl-v3-scores-1.0,sportsdata.io
sportsdata.io-nhl-v3-stats-1.0,sportsdata.io
sportsdata.io-soccer-v3-projections-1.0,sportsdata.io
sportsdata.io-soccer-v3-scores-1.0,sportsdata.io
sportsdata.io-soccer-v3-stats-1.0,sportsdata.io
spotify.com-1.0.0,spotify.com
spotify.com-sonallux-2023.2.27,spotify.com
squareup.com-2.0,squareup.com
stackexchange.com-2.0,stackexchange.com
staging-ecotaco.com-1.0.0,staging-ecotaco.com
statsocial.com-1.0.0,statsocial.com
stellastra.com-1.0,stellastra.com
stoplight.io-api-v1,stoplight.io
storecove.com-2.0.1,storecove.com
stormglass.io-1.0.1,stormglass.io
stream-io-api.com-v80.2.0,stream-io-api.com
superset.apache.local-superset-v1,superset.apache.local
surevoip.co.uk-9dcb0dc8,surevoip.co.uk
surrey.ca-open511-0.1,surrey.ca
surrey.ca-trafficloops-0.1,surrey.ca
swagger.io-generator-2.4.31,swagger.io
swaggerhub.com-1.0.66,swaggerhub.com
symanto.net-1.0,symanto.net
synq.fm-1.9.1,synq.fm
tafqit.herokuapp.com-v1,tafqit.herokuapp.com
taggun.io-1.15.0,taggun.io
taxamo.com-1,taxamo.com
taxrates.io-1.0.0,taxrates.io
tcgdex.net-2.0.0,tcgdex.net
telegram.org-5.0.0,telegram.org
telematicssdk.com-1.0.0,telematicssdk.com
telnyx.com-2.0.0,telnyx.com
telstra.com-3.x,telstra.com
testfire.net-altoroj-1.0.2,testfire.net
text2data.org-v3.4,text2data.org
tfl.gov.uk-v1,tfl.gov.uk
thebluealliance.com-3.8.2,thebluealliance.com
thenounproject.com-1.0.0,thenounproject.com
theracingapi.com-1.0.0,theracingapi.com
thesmsworks.co.uk-1.8.0,thesmsworks.co.uk
thetvdb.com-3.0.0,thetvdb.com
ticketmaster.com-commerce-v2,ticketmaster.com
ticketmaster.com-discovery-v2,ticketmaster.com
ticketmaster.com-publish-v2,ticketmaster.com
tinyuid.com-1.0.0,tinyuid.com
tisane.ai-1.0.0,tisane.ai
tl-api.azurewebsites.net-2020-08-10_6-22,tl-api.azurewebsites.net
tokenjay.app-1.0.0,tokenjay.app
tokenmetrics.com-1.0.0,tokenmetrics.com
tomtom.com-maps-1.0.0,tomtom.com
tomtom.com-routing-1.0.0,tomtom.com
tomtom.com-search-1.0.0,tomtom.com
traccar.org-5.6,traccar.org
tradematic.com-1.0.2,tradematic.com
trakt.tv-1.0.0,trakt.tv
transavia.com-1.0,transavia.com
transitfeeds.com-1.0.0,transitfeeds.com
trapstreet.com-1.0.0,trapstreet.com
trashnothing.com-1.3,trashnothing.com
trello.com-1.0,trello.com
truanon.com-1.0.0,truanon.com
truesight.local-11.1.00,truesight.local
truora.com-1.0.0,truora.com
turbinelabs.io-1.0,turbinelabs.io
tvmaze.com-1.0,tvmaze.com
twinehealth.com-v7.78.1,twinehealth.com
twitter.com-current-2.62,twitter.com
twitter.com-legacy-1.1,twitter.com
tyk.com-1.9,tyk.com
uebermaps.com-2.0,uebermaps.com
unicourt.com-1.0.0,unicourt.com
up.com.au-v1,up.com.au
urlbox.io-v1,urlbox.io
uscann.net-1.0,uscann.net
useapi.net-1.0,useapi.net
uspto.gov-bdss-1.0.0,uspto.gov
va.gov-benefits-1.0.0,va.gov
va.gov-confirmation-0.0.1,va.gov
va.gov-forms-0.0.0,va.gov
vatapi.com-1,vatapi.com
vectara.io-1.0.0,vectara.io
velopayments.com-2.35.57,velopayments.com
vercel.com-0.0.1,vercel.com
versioneye.com-v1,versioneye.com
vestorly.com-1.0.0,vestorly.com
viator.com-1.0.0,viator.com
victorops.com-0.0.3,victorops.com
vimeo.com-3.4,vimeo.com
visagecloud.com-1.1,visagecloud.com
visiblethread.com-1.0,visiblethread.com
visma.com-1.0,visma.com
visma.net-1.0.14.784,visma.net
visma.net-9.66.02.1023,visma.net
visualcrossing.com-weather-4.6,visualcrossing.com
visualstudio.com-v1,visualstudio.com
vmware.local-vrni-1.0.0,vmware.local
vonage.com-account-1.11.8,vonage.com
vonage.com-extension-1.11.8,vonage.com
vonage.com-reports-1.0.1,vonage.com
vonage.com-user-1.11.8,vonage.com
vonage.com-vgis-1.0.1,vonage.com
voodoomfg.com-2.0.0,voodoomfg.com
vtex.local-Catalog-API-1.0,vtex.local
vtex.local-Catalog-API-Seller-Portal-1.0.0,vtex.local
vtex.local-Checkout-API-1.0,vtex.local
vtex.local-Customer-Credit-API-1.0,vtex.local
vtex.local-GiftCard-Hub-API-1.0,vtex.local
vtex.local-Giftcard-API-1.0,vtex.local
vtex.local-Headless-CMS-API-0.31.2,vtex.local
vtex.local-Intelligent-Search-API-0.1.12,vtex.local
vtex.local-License-Manager-API-1.0,vtex.local
vtex.local-Logistics-API-1.0,vtex.local
vtex.local-Marketplace-APIs-1.0,vtex.local
vtex.local-Marketplace-Protocol-1.0,vtex.local
vtex.local-Master-Data-API-1.0,vtex.local
vtex.local-MasterData-API-1.0,vtex.local
vtex.local-Message-Center-API-1.0.0,vtex.local
vtex.local-Orders-API-(PII-version)-1.0,vtex.local
vtex.local-Orders-API-1.0,vtex.local
vtex.local-Payments-Gateway-API-1.0,vtex.local
vtex.local-Policies-System-API-1.0.0,vtex.local
vtex.local-Price-Simulations-1.0,vtex.local
vtex.local-Pricing-API-1.0,vtex.local
vtex.local-Pricing-Hub-1.0,vtex.local
vtex.local-Profile-System-1.0,vtex.local
vtex.local-Promotions-1.0,vtex.local
vtex.local-Recurrence-(v1-1.0,vtex.local
vtex.local-Reviews-and-Ratings-API-1.0,vtex.local
vtex.local-SKU-Bindings-API-1.0,vtex.local
vtex.local-Search-API-1.0,vtex.local
vtex.local-Session-Manager-API-1.0,vtex.local
vtex.local-Subscriptions-API-(v2)-1.0,vtex.local
vtex.local-Subscriptions-API-(v3)-1.0,vtex.local
vtex.local-VTEX-Do-API-1.0,vtex.local
vtex.local-VTEX_TEMPLATE-1.0.0,vtex.local
walmart.com-inventory-1.0.0,walmart.com
walmart.com-item-3.0.1,walmart.com
walmart.com-order-3.0.1,walmart.com
walmart.com-price-1.0.0,walmart.com
watchful.li-1.0.0,watchful.li
waterlinked.com-1.0.0,waterlinked.com
wealthreader.com-1.0.0,wealthreader.com
weatherbit.io-2.0.0,weatherbit.io
weber-gesamtausgabe.de-1.0.0,weber-gesamtausgabe.de
webflow.com-2023-03-23T15:40:40.000Z,webflow.com
webscraping.ai-3.0.0,webscraping.ai
wellknown.ai-1.0.0,wellknown.ai
whapi.com-accounts-2.0.0,whapi.com
whapi.com-bets-2.0.0,whapi.com
whapi.com-locations-2.0,whapi.com
whapi.com-numbers-2.0,whapi.com
whapi.com-sessions-2.0.0,whapi.com
whapi.com-sportsdata-2,whapi.com
whatsapp.local-1.0,whatsapp.local
who-hosts-this.com-0.0.1,who-hosts-this.com
wikimedia.org-1.0.0,wikimedia.org
wikipathways.org-1.0,wikipathways.org
winsms.co.za-1.0.0,winsms.co.za
wiremock.org-admin-2.35.0,wiremock.org
wmata.com-bus-realtime-1.0,wmata.com
wmata.com-bus-route-1.0,wmata.com
wmata.com-incidents-1.0,wmata.com
wmata.com-rail-realtime-1.0,wmata.com
wmata.com-rail-station-1.0,wmata.com
wolframalpha.com-v0.1,wolframalpha.com
wordassociations.net-1.0,wordassociations.net
wordnik.com-4.0,wordnik.com
worldtimeapi.org-20210108,worldtimeapi.org
wowza.com-1,wowza.com
wso2apistore.com-transform-1.0.0,wso2apistore.com
wyjyt-geo-calculate.azurewebsites.net-1.0.0,wyjyt-geo-calculate.azurewebsites.net
xero.com-xero-identity-2.9.4,xero.com
xero.com-xero-payroll-au-2.9.4,xero.com
xero.com-xero_accounting-2.9.4,xero.com
xero.com-xero_assets-2.9.4,xero.com
xero.com-xero_bankfeeds-2.9.4,xero.com
xero.com-xero_files-2.9.4,xero.com
xkcd.com-1.0.0,xkcd.com
xtrf.eu-2.0,xtrf.eu
yodlee.com-1.1.0,yodlee.com
youneedabudget.com-1.0.0,youneedabudget.com
zapier.com-nla-1.0.0,zapier.com
zappiti.com-4.15.174,zappiti.com
zeit.co-v2019-01-07,zeit.co
zeno.fm-0.6-99cfdac,zeno.fm
zenoti.com-1.0.0,zenoti.com
zoom.us-2.0.0,zoom.us
zoomconnect.com-1,zoomconnect.com
zuora.com-2021-08-20T00:00:00.000Z,zuora.com